correct_sentence,sentence
গত দুই বছর ধরে ইউনিয়নের মানুষের খেদমত করে যাচ্ছি,গত two year ধরে ইউনিয়নের মানুষের খেদমত করে যাচ্ছি
গত ১১ জুলাই পশ্চিমবঙ্গের উত্তর ২৪ পরগনা জেলার গাইঘাটা থানার আংরাইলের ক্ষেতপাড়া সীমান্ত পেরিয়ে বাংলাদেশে ঢোকার সময় বিএসএফের হাতে গ্রেপ্তার হয় পুত্রসহ ৩০ বছর বয়সী ওই নারী,গত ১১ জুলাই পশ্চিমবঙ্গের উত্তর ২৪ পরগনা জেলার গাইঘাটা থানার আংরাইলের ক্ষেতপাড়া সীমান্ত পেরিয়ে বাংলাদেশে ঢোকার time বিএসএফের হাতে গ্রেপ্তার হয় পুত্রসহ ৩০ year বয়সী ওই নারী
"যত দিন বাংলা সাংবাদিকতা থাকবে, তত দিন তাঁর নাম উচ্চারিত হবে","যত day বাংলা সাংবাদিকতা থাকবে, তত day তাঁর name উচ্চারিত would"
ব্রাহ্মণবাড়িয়া সদর উপজেলায় লুৎফা বেগম (২১) নামের এক নববধূর ঝুলন্ত লাশ উদ্ধার করা হয়েছে,ব্রাহ্মণবাড়িয়া সদর উপজেলায় লুৎফা বেগম (২১) নামের one নববধূর ঝুলন্ত লাশ উদ্ধার করা হয়েছে
এথিকস অ্যাডভান্সড টেকনোলজিস লিমিটেড (ইএটিএল) ও প্রথম আলোর আয়োজনে গত বছরের জুলাই মাস থেকে শুরু হয়েছে এই প্রতিযোগিতা,এথিকস অ্যাডভান্সড টেকনোলজিস লিমিটেড (ইএটিএল) ও first আলোর আয়োজনে গত বছরের জুলাই মাস থেকে শুরু হয়েছে এই প্রতিযোগিতা
আরেকটি ভালো হাসপাতাল হচ্ছে ঢাকা মানসিক স্বাস্থ্য ইনস্টিটিউট,আরেকটি ভালো হাসপাতাল হচ্ছে ঢাকা মানসিক health ইনস্টিটিউট
"প্রত্যক্ষদর্শী ও নিহত আনিসুরের পারিবারিক সূত্র জানায়, তিনি সকালে দুই সন্তান আনিতা ও অনিককে ইকবাল রোডের একটি কিন্ডারগার্টেনে পৌঁছে দিয়ে হেঁটে বাসায় ফিরছিলেন","প্রত্যক্ষদর্শী ও নিহত আনিসুরের পারিবারিক সূত্র জানায়, তিনি সকালে two সন্তান আনিতা ও অনিককে ইকবাল রোডের একটি কিন্ডারগার্টেনে পৌঁছে দিয়ে হেঁটে বাসায় ফিরছিলেন"
"খোঁজ নিয়ে জানা গেছে, আয়োজনটি হবে স্কুলপর্যায়ে ও দিনব্যাপী","খোঁজ নিয়ে জানা গেছে, আয়োজনটি would স্কুলপর্যায়ে ও দিনব্যাপী"
এরপর বিকেল পাঁচটায় নিবন্ধিত প্রাক্তন শিক্ষার্থীদের অভ্যর্থনা দেওয়া হবে নগরের জিইসি কনভেনশন সেন্টারে,এরপর বিকেল পাঁচটায় নিবন্ধিত প্রাক্তন শিক্ষার্থীদের অভ্যর্থনা দেওয়া would নগরের জিইসি কনভেনশন সেন্টারে
কিন্তু ঠিকাদারি প্রতিষ্ঠান তাদের কাজে গড়িমসি করছে বলে সিটি করপোরেশনের নির্বাহী প্রকৌশলী আজম আলী গতকাল শনিবার মুঠোফোনে প্রথম আলোকে জানিয়েছেন,কিন্তু ঠিকাদারি প্রতিষ্ঠান তাদের কাজে গড়িমসি করছে বলে সিটি করপোরেশনের নির্বাহী প্রকৌশলী আজম আলী গতকাল শনিবার মুঠোফোনে first আলোকে জানিয়েছেন
"হতে পারে এটা উচ্চাভিলাষী, তবে তারা ২০৩০ সালের মধ্যে বিশ্ব থেকে দারিদ্র্য দূর করার চেষ্টা করে যাবে","হতে পারে এটা উচ্চাভিলাষী, তবে তারা ২০৩০ সালের মধ্যে world থেকে দারিদ্র্য দূর করার চেষ্টা করে যাবে"
রজার্স কাপের শীর্ষ দশ বাছাইয়ের মধ্যে চার খেলোয়াড়কে টানা চার ম্যাচে হারিয়ে হইচই ফেলে দিয়েছেন স্টেফানোস সিতসিপাস,রজার্স কাপের top দশ বাছাইয়ের মধ্যে চার খেলোয়াড়কে টানা চার ম্যাচে হারিয়ে হইচই ফেলে দিয়েছেন স্টেফানোস সিতসিপাস
অনুষ্ঠানে চিত্রনায়ক ফেরদৌস ও অভিনয়শিল্পী নাবিলাকে পরবর্তী সময়ে পুরো অনুষ্ঠানটি পরিচালনার জন্য তাঁদের হাতে মাইক তুলে দেওয়া হয়,অনুষ্ঠানে চিত্রনায়ক ফেরদৌস ও অভিনয়শিল্পী নাবিলাকে next সময়ে পুরো অনুষ্ঠানটি পরিচালনার জন্য তাঁদের হাতে মাইক তুলে দেওয়া হয়
"ফরিদউদ্দিনের সঙ্গে বন্ধুত্বের বিষয়ে জানতে চাইলে আতাউর রহমান গতকাল রাতে প্রথম আলোকে বলেন, ‘বন্ধুত্ব ঠিক আছে","ফরিদউদ্দিনের সঙ্গে বন্ধুত্বের বিষয়ে জানতে চাইলে আতাউর রহমান গতকাল রাতে first আলোকে বলেন, ‘বন্ধুত্ব ঠিক আছে"
আমি এ বছর এসএসসি পাস করেছি,আমি এ year এসএসসি পাস করেছি
"পাশাপাশি গত কয়েক দিনের ক্রসফায়ার ও এনকাউন্টারের শিকারদের দিকে লক্ষ করলে দেখা যায়, দেশের নামকরা বা চিহ্নিত বড় মাদক ব্যবসায়ীরা কিন্তু ধরাছোঁয়ার বাইরে","পাশাপাশি গত কয়েক দিনের ক্রসফায়ার ও এনকাউন্টারের শিকারদের দিকে লক্ষ করলে see যায়, দেশের নামকরা বা চিহ্নিত বড় মাদক ব্যবসায়ীরা কিন্তু ধরাছোঁয়ার বাইরে"
তবে বোয়ানের ফেসবুক পেজে গতকাল বিকেলে একটি বিজ্ঞপ্তি দেখা যায়,তবে বোয়ানের ফেসবুক পেজে গতকাল বিকেলে একটি বিজ্ঞপ্তি see যায়
তার বাড়ি ফুলবাড়িয়া উপজেলার বরুরা গ্রামে,তার home ফুলবাড়িয়া উপজেলার বরুরা গ্রামে
সেখানে পরিবেশের এত বড় ক্ষতি হবে না,সেখানে পরিবেশের এত বড় ক্ষতি would না
১৭ বছর আগে মোসলে উদ্দিন বিয়ে করেন,১৭ year আগে মোসলে উদ্দিন বিয়ে করেন
জমির সরকারি মূল্য অস্বাভাবিক বৃদ্ধি করায় জমি কেনাবেচার পর রেজিস্ট্রি করতে গিয়ে ভোগান্তিতে পড়ছেন সাধারণ মানুষ,জমির সরকারি price অস্বাভাবিক বৃদ্ধি করায় জমি কেনাবেচার পর রেজিস্ট্রি করতে গিয়ে ভোগান্তিতে পড়ছেন সাধারণ people
ঠিক ১০ বছর আগে ২০০৬ সালের ফেব্রুয়ারি মাসটি ছিল বাংলাদেশের ইতিহাসে সবচেয়ে উষ্ণতম,ঠিক ১০ year আগে ২০০৬ সালের ফেব্রুয়ারি মাসটি ছিল বাংলাদেশের ইতিহাসে সবচেয়ে উষ্ণতম
"এর আগে বিকেল সাড়ে চারটার দিকে শিক্ষক ফোরামের আহ্বায়ক অধ্যাপক মুহম্মদ হানিফ আলী সাংবাদিকদের বলেন, উপাচার্য পদত্যাগ না করা পর্যন্ত তাঁকে অবরুদ্ধ করে রাখা হবে","এর আগে বিকেল সাড়ে চারটার দিকে শিক্ষক ফোরামের আহ্বায়ক অধ্যাপক মুহম্মদ হানিফ আলী সাংবাদিকদের বলেন, উপাচার্য পদত্যাগ না করা পর্যন্ত তাঁকে অবরুদ্ধ করে রাখা would"
আজকের মধ্যেই কাজ শেষ হবে বলে তিনি জানান,আজকের মধ্যেই কাজ শেষ would বলে তিনি জানান
কিন্তু সেই সাময়িক অবস্থা কাটতে সময় লেগেছিল সাড়ে চার বছর,কিন্তু সেই সাময়িক state কাটতে সময় লেগেছিল সাড়ে চার year
• আপেল খেলে মেদ জমে না,• আপেল খেলে মেদ জমে না
তাঁদের মত হচ্ছে—গঠিত নির্বাচন কমিশন হতে হবে প্রথমেই বিতর্কমুক্ত,তাঁদের মত হচ্ছে—গঠিত নির্বাচন কমিশন হতে would প্রথমেই বিতর্কমুক্ত
দোকানের কারিগর ছাপাত হোসেন ৩৩ বছর ধরে এখানে কাজ করছেন,দোকানের কারিগর ছাপাত হোসেন ৩৩ year ধরে এখানে কাজ করছেন
বকুলতলায় সকাল ৭টা ১ মিনিট থেকে সকালের অনুষ্ঠানমালা শুরু হয়ে প্রথম পর্ব সকাল ৯টায় নবান্ন শোভাযাত্রার মাধ্যমে শেষ হবে,বকুলতলায় সকাল ৭টা ১ মিনিট থেকে সকালের অনুষ্ঠানমালা শুরু হয়ে first পর্ব সকাল ৯টায় নবান্ন শোভাযাত্রার মাধ্যমে শেষ would
"এই সংখ্যাটি ঠিক কি না, সেটি আমাদের যাচাই করে দেখতে হবে","এই সংখ্যাটি ঠিক কি না, সেটি us যাচাই করে দেখতে would"
মাসিক ৪০ হাজার থেকে এক লাখ টাকা পর্যন্ত করযোগ্য আয় আছে এমন চাকরিজীবীদের বেলায় কর বাড়বে ২৭ থেকে ৫১৪ শতাংশ পর্যন্ত,মাসিক ৪০ হাজার থেকে one লাখ টাকা পর্যন্ত করযোগ্য আয় আছে এমন চাকরিজীবীদের বেলায় কর বাড়বে ২৭ থেকে ৫১৪ শতাংশ পর্যন্ত
গতকাল মঙ্গলবার নাচোল আদিবাসী একাডেমী মিলনায়াতনে এক প্রস্ততি সভায় এ ঘোষণা দেন জাতীয় আদিবাসী পরিষদের কেন্দ্রীয় সভাপতি রবীন্দ্রনাথ সরেন,গতকাল মঙ্গলবার নাচোল আদিবাসী একাডেমী মিলনায়াতনে one প্রস্ততি সভায় এ ঘোষণা দেন জাতীয় আদিবাসী পরিষদের কেন্দ্রীয় সভাপতি রবীন্দ্রনাথ সরেন
বর্তমানে তিনি রাশিয়ার রাজধানী মস্কোতে হোটেল ব্যবসা করেন,বর্তমানে তিনি রাশিয়ার রাজধানী মস্কোতে হোটেল business করেন
সহিংসতার ঘটনায় করা মামলায় গুলির এই তথ্য উল্লেখ করা হয়েছে,সহিংসতার ঘটনায় করা মামলায় গুলির এই information উল্লেখ করা হয়েছে
কথা ছিল ঈদের পরপরই নতুন নাটকে কাজ শুরু করবেন এই অভিনেত্রী,কথা ছিল ঈদের পরপরই new নাটকে কাজ শুরু করবেন এই অভিনেত্রী
"বাংলাদেশে আরও নতুন মানুষকে নিয়ে আমাদের মানবাধিকার লঙ্ঘিত হয়, এমন কোনো কাজ করতে পারি না","বাংলাদেশে আরও new মানুষকে নিয়ে us মানবাধিকার লঙ্ঘিত হয়, এমন কোনো কাজ করতে পারি না"
এই অভিযান কবে শেষ হবে আমরা জানি না,এই অভিযান কবে শেষ would আমরা জানি না
আর মৌচাক মোড়ে খুঁটি গেড়ে আরেকটি ট্রাফিক পুলিশ বক্স তৈরি করা হবে,আর মৌচাক মোড়ে খুঁটি গেড়ে আরেকটি ট্রাফিক পুলিশ বক্স তৈরি করা would
"কিন্তু এবার রোনালদোর পাশে তাঁকে না দেখে অনেকেরই প্রশ্ন জেগেছে, দুজনের কি কিছু হয়েছে? রোনালদো পুরস্কার পাওয়ার পর পরিবারের অনেকের কথা বললেও সঙ্গিনীর নাম মুখেও আনেননি","কিন্তু এবার রোনালদোর পাশে তাঁকে না দেখে অনেকেরই প্রশ্ন জেগেছে, দুজনের কি কিছু হয়েছে? রোনালদো পুরস্কার পাওয়ার পর পরিবারের অনেকের কথা বললেও সঙ্গিনীর name মুখেও আনেননি"
এ ক্ষেত্রে কাগজের ফরম থেকে ইলেকট্রনিক পদ্ধতিতে তথ্য সংগ্রহ করার কথা বলা হয়,এ ক্ষেত্রে কাগজের ফরম থেকে ইলেকট্রনিক পদ্ধতিতে information সংগ্রহ করার কথা বলা হয়
ঠিকানা: www.facebook.com/Shong-সঙআজকের ডিলঅনলাইন কেনাকাটা আরও সহজ করতে ই-কমার্স সাইট আজকের ডিলে যুক্ত হয়েছে নতুন ফিচার,ঠিকানা: www.facebook.com/Shong-সঙআজকের ডিলঅনলাইন কেনাকাটা আরও সহজ করতে ই-কমার্স site আজকের ডিলে যুক্ত হয়েছে new ফিচার
এরপর আরও পাঁচ-ছয় দিন থেকে মেজবাও ঢাকায় চলে যান,এরপর আরও পাঁচ-ছয় day থেকে মেজবাও ঢাকায় চলে যান
একই দিন শেরপুরের নালিতাবাড়ী উপজেলায় তৌফিক হাসান (১৪ মাস) নামের এক শিশুর মৃত্যু হয়েছে,একই day শেরপুরের নালিতাবাড়ী উপজেলায় তৌফিক হাসান (১৪ মাস) নামের one শিশুর মৃত্যু হয়েছে
"এনডিটিভির খবরে বলা হয়েছে, সরকারি প্রতিবেদনে রঘুরাম রাজনের এই বক্তব্যে নতুন করে তোলপাড় শুরু হয়েছে ভারতে","এনডিটিভির খবরে বলা হয়েছে, সরকারি প্রতিবেদনে রঘুরাম রাজনের এই বক্তব্যে new করে তোলপাড় শুরু হয়েছে ভারতে"
পরে স্থানীয়দের সঙ্গে এবং পুলিশের সঙ্গে কথা বলে বিষয়টি গ্রাম্য সালিসের মাধ্যমে আপসরফা করার জন্য আগামী বৃহস্পতিবার (আজ) দিন ধার্য করা হয়েছে,পরে স্থানীয়দের সঙ্গে এবং পুলিশের সঙ্গে কথা বলে বিষয়টি গ্রাম্য সালিসের মাধ্যমে আপসরফা করার জন্য আগামী বৃহস্পতিবার (আজ) day ধার্য করা হয়েছে
লতিফ সিদ্দিকী দৈনিক প্রথম আলোর মফস্বল সম্পাদক ছিলেন,লতিফ সিদ্দিকী দৈনিক first আলোর মফস্বল সম্পাদক ছিলেন
দস্তখতের পরেই কর্মকর্তারা বুঝতে পেরেছেন শেষ পর্যন্ত কী হবে,দস্তখতের পরেই কর্মকর্তারা বুঝতে পেরেছেন শেষ পর্যন্ত কী would
এই দুই পৌরসভায় আওয়ামী লীগের দুই বর্তমান মেয়রকেই প্রার্থী হিসেবে পাঠানো হবে,এই two পৌরসভায় আওয়ামী লীগের two বর্তমান মেয়রকেই প্রার্থী হিসেবে পাঠানো would
সিটি করপোরেশনের পক্ষ থেকে পানি ছিটানোর কথা বলা হলেও বাস্তবে দেখা যায়নি বলে কয়েকজন মুসল্লি অভিযোগ করেন,সিটি করপোরেশনের পক্ষ থেকে পানি ছিটানোর কথা বলা হলেও বাস্তবে see যায়নি বলে কয়েকজন মুসল্লি অভিযোগ করেন
উহ্লা থেন (৩৫) নামের এক ব্যক্তি গত ২৬ এপ্রিল বেলা সাড়ে তিনটার দিকে উত্তরা ৩ নম্বর সেক্টরের মাঠে হাঁটতে গিয়ে আর বাসায় ফেরেননি,উহ্লা থেন (৩৫) নামের one ব্যক্তি গত ২৬ এপ্রিল বেলা সাড়ে তিনটার দিকে উত্তরা ৩ নম্বর সেক্টরের মাঠে হাঁটতে গিয়ে আর বাসায় ফেরেননি
অন্ধকারের সাথি বলতে আমাদের সেই গোলগাল ছেলে,অন্ধকারের সাথি বলতে us সেই গোলগাল ছেলে
পেশাগত দ্বন্দ্বের অবসান হবে,পেশাগত দ্বন্দ্বের অবসান would
মাত্র তিন দিন বয়সে শরীরে অস্ত্রোপচার করতে হয়,মাত্র তিন day বয়সে শরীরে অস্ত্রোপচার করতে হয়
ফলে এক টেস্ট বাকি থাকতে সিরিজ জিতে গেল ভারত (২–০),ফলে one টেস্ট বাকি থাকতে সিরিজ জিতে গেল ভারত (২–০)
ইউএস ওপেনের প্রথম রাউন্ডে ফেদেরারের প্রতিদ্বন্দ্বী মারিস্কো মাতসেভিচ,ইউএস ওপেনের first রাউন্ডে ফেদেরারের প্রতিদ্বন্দ্বী মারিস্কো মাতসেভিচ
"খুশকি থেকে পরিত্রাণ নেই?মেডিকেটেড শ্যাম্পু ব্যবহার করে ও চুলের যত্নআত্তি খুশকিকে নিয়ন্ত্রণ করবে বটে, তবে একেবারে নির্মূল করবে না","খুশকি থেকে পরিত্রাণ নেই?মেডিকেটেড শ্যাম্পু use করে ও চুলের যত্নআত্তি খুশকিকে নিয়ন্ত্রণ করবে বটে, তবে একেবারে নির্মূল করবে না"
"এখন আওয়ামী লীগের অভ্যন্তরীণ মূল্যায়ন হচ্ছে, এই পাঁচ সিটিতে এবারের নির্বাচনে বিএনপিকে হারানোর মতো অবস্থা তৈরি হয়নি","এখন আওয়ামী লীগের অভ্যন্তরীণ মূল্যায়ন হচ্ছে, এই পাঁচ সিটিতে এবারের নির্বাচনে বিএনপিকে হারানোর মতো state তৈরি হয়নি"
এদিকে প্রায় চার বছর বিরতির পর আবারও চলচ্চিত্রের গানে নিয়মিত হলেন সালমা,এদিকে প্রায় চার year বিরতির পর আবারও চলচ্চিত্রের গানে নিয়মিত হলেন সালমা
খেমাররুজ শাসনামলের গণহত্যার দায়ে দুই শীর্ষ খেমাররুজ নেতা নুয়ান চিয়া (৮৮) ও খিউ সাম্ফানকে (৮৩) গতকাল যাবজ্জীবন কারাদণ্ড দিয়েছেন জাতিসংঘ সমর্থিত সে দেশের একটি বিশেষ ট্রাইব্যুনাল,খেমাররুজ শাসনামলের গণহত্যার দায়ে two top খেমাররুজ নেতা নুয়ান চিয়া (৮৮) ও খিউ সাম্ফানকে (৮৩) গতকাল যাবজ্জীবন কারাদণ্ড দিয়েছেন জাতিসংঘ সমর্থিত সে দেশের একটি বিশেষ ট্রাইব্যুনাল
"তিনি বিএনপি নেতাদের উদ্দেশ বলেন, অসংযত ভাষায় কথা বললে তাঁদের ঘর থেকে বের হতে দেওয়া হবে না","তিনি বিএনপি নেতাদের উদ্দেশ বলেন, অসংযত ভাষায় কথা বললে তাঁদের ঘর থেকে বের হতে দেওয়া would না"
দ্বিতীয়ার্ধে তো তা-ই দেখা গেল,দ্বিতীয়ার্ধে তো তা-ই see গেল
কারাগারে বন্দী আলোকচিত্রী শহিদুল আলম অসুস্থ এবং তাঁর চিকিৎসা প্রয়োজন বলে জানিয়েছেন তাঁর স্ত্রী ও এক সহকর্মী,কারাগারে বন্দী আলোকচিত্রী শহিদুল আলম অসুস্থ এবং তাঁর চিকিৎসা প্রয়োজন বলে জানিয়েছেন তাঁর স্ত্রী ও one সহকর্মী
"আর মৃদু যেসব ভূমিকম্প হচ্ছে এবং মাঝারি যেসব ভূমিকম্প হওয়ার সম্ভাবনা আছে, সেগুলো মোকাবিলার জন্য প্রস্তুতি নিতে হবে","আর মৃদু যেসব ভূমিকম্প হচ্ছে এবং মাঝারি যেসব ভূমিকম্প হওয়ার সম্ভাবনা আছে, সেগুলো মোকাবিলার জন্য প্রস্তুতি নিতে would"
"মুস্তাফিজের কাছে বিধ্বস্ত হওয়ার স্মৃতি এখনো টাটকা আছে বলেই স্রানের দ্রুত উত্থান, জাতীয় দলে জায়গা করে নেওয়ার পর ভারতীয় মিডিয়া তাঁর নাম দিয়েছিল এমন","মুস্তাফিজের কাছে বিধ্বস্ত হওয়ার স্মৃতি এখনো টাটকা আছে বলেই স্রানের দ্রুত উত্থান, জাতীয় দলে জায়গা করে নেওয়ার পর ভারতীয় মিডিয়া তাঁর name দিয়েছিল এমন"
এটি সঠিকভাবে বাস্তবায়ন হলে আসলে লাভ হবে সবার,এটি সঠিকভাবে বাস্তবায়ন হলে আসলে লাভ would সবার
এই জঙ্গিদের আদর্শকে পরাজিত করতে দীর্ঘ সময় লাগবে,এই জঙ্গিদের আদর্শকে পরাজিত করতে দীর্ঘ time লাগবে
"সিডনির ব্যাপারে এখনো সিদ্ধান্ত নিইনি, দেখা যাক","সিডনির ব্যাপারে এখনো সিদ্ধান্ত নিইনি, see যাক"
কেকে আরও একটি কাজ খুবই সতর্কভাবে করে এসেছেন গত ছয় বছর,কেকে আরও একটি কাজ খুবই সতর্কভাবে করে এসেছেন গত ছয় year
৪. এক ব্লেড একাধিকবার ব্যবহার করা যাবে না,৪. one ব্লেড একাধিকবার use করা যাবে না
"তাহলে তাদের সঙ্গে আলোচনা কীভাবে হবে—এ রকম এক প্রশ্নের জবাবে নোমান বলেন, ‘এই সরকার ৫ শতাংশ ভোটের সরকার","তাহলে তাদের সঙ্গে আলোচনা কীভাবে হবে—এ রকম one প্রশ্নের জবাবে নোমান বলেন, ‘এই সরকার ৫ শতাংশ ভোটের সরকার"
৭-৪৫  বলবান জামাই,৭-৪৫ বলবান জামাই
"২-৩ মিনিটের মধ্যে থানার ভেতরের একটি কক্ষ থেকে অস্ত্র চুরি হয়অস্ত্র বহনকারী এএসআই তখন শৌচাগারে ছিলেন২৫-২৬ বছরের এক যুবক ঘটনার দিন দুবার থানায় এসেছিলেনতাঁর পরনে ছিল খয়েরি-সাদা চেক শার্ট, কফি রঙের প্যান্ট, মুখে দাড়ি, কাঁধে কালো ব্যাগবিকেল ৪টা ২৩ মিনিটে থানার পেছনের মসজিদের গেট দিয়ে আবার থানায় আসেন যুবক","২-৩ মিনিটের মধ্যে থানার ভেতরের একটি কক্ষ থেকে অস্ত্র চুরি হয়অস্ত্র বহনকারী এএসআই তখন শৌচাগারে ছিলেন২৫-২৬ বছরের one যুবক ঘটনার day দুবার থানায় এসেছিলেনতাঁর পরনে ছিল খয়েরি-সাদা চেক শার্ট, কফি রঙের প্যান্ট, মুখে দাড়ি, কাঁধে কালো ব্যাগবিকেল ৪টা ২৩ মিনিটে থানার পেছনের মসজিদের গেট দিয়ে আবার থানায় আসেন যুবক"
রাজধানীর খিলগাঁও এলাকায় ট্রেনে কাটা পড়ে আবুল কাশেম (৪০) নামে এক ব্যক্তি মারা গেছেন,রাজধানীর খিলগাঁও এলাকায় ট্রেনে কাটা পড়ে আবুল কাশেম (৪০) নামে one ব্যক্তি মারা গেছেন
এর উচ্চমাত্রার বিটা ক্যারোটিন চোখের ছানি পড়ার ঝুঁকি কমাতে সাহায্য করে,এর উচ্চমাত্রার বিটা ক্যারোটিন চোখের ছানি পড়ার ঝুঁকি কমাতে help করে
"ওই নারীর আইনজীবী মোহাম্মদ রফিকুল ইসলাম প্রথম আলোকে বলেন, ক্রিকেটার সানির সঙ্গে বাদীর বিয়ে হয় ২০১৪ সালের ৪ ডিসেম্বর","ওই নারীর আইনজীবী মোহাম্মদ রফিকুল ইসলাম first আলোকে বলেন, ক্রিকেটার সানির সঙ্গে বাদীর বিয়ে হয় ২০১৪ সালের ৪ ডিসেম্বর"
কিন্তু তাঁরা তো আমাদের কথা শোনেন না,কিন্তু তাঁরা তো us কথা শোনেন না
তাদের মধ্যে সাতজনকে মুমূর্ষু অবস্থায় টেকনাফ উপজেলা স্বাস্থ্য কমপ্লেক্সে নিয়ে গেলে কর্তব্যরত চিকিৎসক এক শিশুকে মৃত বলে ঘোষণা করেন,তাদের মধ্যে সাতজনকে মুমূর্ষু অবস্থায় টেকনাফ উপজেলা health কমপ্লেক্সে নিয়ে গেলে কর্তব্যরত চিকিৎসক one শিশুকে মৃত বলে ঘোষণা করেন
এভাবেই প্রাথমিক পর্ব থেকে শুরু হবে রান্নার লড়াই,এভাবেই প্রাথমিক পর্ব থেকে শুরু would রান্নার লড়াই
এ উৎসব উপলক্ষে ওঁরাও গ্রামগুলোর বাড়ি বাড়ি পিঠাপুলি তৈরি হয়,এ উৎসব উপলক্ষে ওঁরাও গ্রামগুলোর home home পিঠাপুলি তৈরি হয়
যোগ্যতা: উচ্চমাধ্যমিক পরীক্ষায় দ্বিতীয় বিভাগ এবং কম্পিউটারে (এমএস ওয়ার্ড) পারদর্শী হতে হবে,যোগ্যতা: উচ্চমাধ্যমিক পরীক্ষায় দ্বিতীয় বিভাগ এবং কম্পিউটারে (এমএস ওয়ার্ড) পারদর্শী হতে would
আমাদের সবাইকে এক রকম পোশাক পরে আসতে হবে,us সবাইকে one রকম পোশাক পরে আসতে would
"শিল্পকলা একাডেমীর মহাপরিচালক আরও বলেন, আকাশ-সংস্কৃতির আগ্রাসন ও মৌলবাদীদের জঙ্গি তৎপরতা থেকে মুক্তি পেতে লোকজ সংস্কৃতির বিকাশ ও প্রসারে শিল্পীসমাজকে অতীতের মতো সাহসী ভূমিকা নিয়ে এগিয়ে আসতে হবে","শিল্পকলা একাডেমীর মহাপরিচালক আরও বলেন, আকাশ-সংস্কৃতির আগ্রাসন ও মৌলবাদীদের জঙ্গি তৎপরতা থেকে মুক্তি পেতে লোকজ সংস্কৃতির বিকাশ ও প্রসারে শিল্পীসমাজকে অতীতের মতো সাহসী ভূমিকা নিয়ে এগিয়ে আসতে would"
"প্রথম সিরিজ জয়ের তারিখটা ছিল ১৮ জানুয়ারি, ২০০৫—সময়ের ডানায় চড়ে সেটির এক যুগ পূর্তি আজ","first সিরিজ জয়ের তারিখটা ছিল ১৮ জানুয়ারি, ২০০৫—সময়ের ডানায় চড়ে সেটির one যুগ পূর্তি আজ"
এপ্রিলের প্রথম সপ্তাহে এসে বাংলাদেশ দলের দায়িত্ব নেওয়ারও কথা ছিল ইংল্যান্ডের বর্তমান সহকারী কোচের,এপ্রিলের first সপ্তাহে এসে বাংলাদেশ দলের দায়িত্ব নেওয়ারও কথা ছিল ইংল্যান্ডের বর্তমান সহকারী কোচের
টেলিভিশন শাখায় এ বছর এগিয়ে আছে দ্য কমিনস্কি মেথড ও দ্য অ্যাসাসিনেশন অব গিয়ান্নি ভারসাচি: আমেরিকান ক্রাইম স্টোরি নামের টিভি প্রযোজনা দুটি,টেলিভিশন শাখায় এ year এগিয়ে আছে দ্য কমিনস্কি মেথড ও দ্য অ্যাসাসিনেশন অব গিয়ান্নি ভারসাচি: আমেরিকান ক্রাইম স্টোরি নামের টিভি প্রযোজনা দুটি
"তিনি এক ছেলে, পাঁচ মেয়েসহ অনেক আত্মীয়স্বজন ও শুভাকাঙ্ক্ষী রেখে গেছেন","তিনি one ছেলে, পাঁচ মেয়েসহ অনেক আত্মীয়স্বজন ও শুভাকাঙ্ক্ষী রেখে গেছেন"
সেটা জানার জন্য অপেক্ষা করতে হবে আর মাত্র এক সপ্তাহ,সেটা জানার জন্য অপেক্ষা করতে would আর মাত্র one সপ্তাহ
শিক্ষা মন্ত্রণালয় এবং মাধ্যমিক ও উচ্চশিক্ষা অধিদপ্তরের দুজন দায়িত্বশীল কর্মকর্তা গতকাল সোমবার প্রথম আলোকে এ তথ্য জানান,শিক্ষা মন্ত্রণালয় এবং মাধ্যমিক ও উচ্চশিক্ষা অধিদপ্তরের দুজন দায়িত্বশীল কর্মকর্তা গতকাল সোমবার first আলোকে এ information জানান
"এই ভারসাম্য এভাবে রক্ষা করা যাবে যে এমন একটা আইন করা হলো, যাতে ন্যূনতম শাস্তি সাত বছর কারাদণ্ড, যেখানে অভিযুক্তের জামিন পাওয়ার বিধান থাকবে না, কোনো ধরনের সুরক্ষা ব্যতিরেকেই যেকোনো সময় অভিযুক্তকে গ্রেপ্তার করা যাবে? তো ২০০৬ সালের আইনটিতে তিন-চার ধরনের সংশোধনী এনে এমন একটা পরিস্থিতি তৈরি করা হলো, যা খুবই বিপজ্জনক","এই ভারসাম্য এভাবে রক্ষা করা যাবে যে এমন একটা আইন করা হলো, যাতে ন্যূনতম শাস্তি সাত year কারাদণ্ড, যেখানে অভিযুক্তের জামিন পাওয়ার বিধান থাকবে না, কোনো ধরনের সুরক্ষা ব্যতিরেকেই যেকোনো সময় অভিযুক্তকে গ্রেপ্তার করা যাবে? তো ২০০৬ সালের আইনটিতে তিন-চার ধরনের সংশোধনী এনে এমন একটা পরিস্থিতি তৈরি করা হলো, যা খুবই বিপজ্জনক"
"এ ছাড়া বিচারক তাঁকে এক লাখ টাকা জরিমানা, অনাদায়ে আরও তিন বছরের সশ্রম কারাদণ্ডের আদেশ দেন","এ ছাড়া বিচারক তাঁকে one লাখ টাকা জরিমানা, অনাদায়ে আরও তিন বছরের সশ্রম কারাদণ্ডের আদেশ দেন"
চোটে পড়ে পরে তো ওয়ানডে সিরিজই খেলতে পারলেন না ২২ বছর বয়সী এই পেসার,চোটে পড়ে পরে তো ওয়ানডে সিরিজই খেলতে পারলেন না ২২ year বয়সী এই পেসার
"আহমদ পাবলিশিং হাউসের পরিচালক মেজবাউদ্দিন আহমদ বললেন, ‘এত বড় একটি মেলা হচ্ছে অথচ ওরা মেলায় আসবে না কিংবা নতুন বইয়ের গন্ধে বিভোর হবে না, তা হয় না","আহমদ পাবলিশিং হাউসের পরিচালক মেজবাউদ্দিন আহমদ বললেন, ‘এত বড় একটি মেলা হচ্ছে অথচ ওরা মেলায় আসবে না কিংবা new বইয়ের গন্ধে বিভোর would না, তা হয় না"
"এ সময় বাস মালিকদের মধ্যে আক্রাম প্রধান, নুরুজ্জামান নুরু, দেলু হোসেন প্রমুখ উপস্থিত ছিলেন","এ time বাস মালিকদের মধ্যে আক্রাম প্রধান, নুরুজ্জামান নুরু, দেলু হোসেন প্রমুখ উপস্থিত ছিলেন"
"মাঠ ছাড়ার সময় দলের এক ক্রিকেটার গজরাতে গজরাতে বলছিলেন, ‘বাউন্সার দেওয়ার জন্য স্কয়ার লেগ, লং লেগে দুজন ফিল্ডার বাউন্ডারিতে রাখা হলো অথচ বল করল ফুল লেংথ...","মাঠ ছাড়ার time দলের one ক্রিকেটার গজরাতে গজরাতে বলছিলেন, ‘বাউন্সার দেওয়ার জন্য স্কয়ার লেগ, লং লেগে দুজন ফিল্ডার বাউন্ডারিতে রাখা হলো অথচ বল করল ফুল লেংথ..."
শেষ পর্যন্ত এলজিইডি উদ্যোগ না নিলে পরিষদের তহবিল থেকেই কালভার্টটি মেরামত করা হবে,শেষ পর্যন্ত এলজিইডি উদ্যোগ না নিলে পরিষদের তহবিল থেকেই কালভার্টটি মেরামত করা would
তাঁর বয়স হয়েছিল ৬১ বছর,তাঁর বয়স হয়েছিল ৬১ year
যৌথ বিনিয়োগ শুভ,যৌথ বিনিয়োগ শুভ
"পুলিশের হাতে কালো মানুষ দেদার মরছে, সে কথা তিনি ঘুণাক্ষরেও উল্লেখ করবেন না","পুলিশের হাতে কালো people দেদার মরছে, সে কথা তিনি ঘুণাক্ষরেও উল্লেখ করবেন না"
"পাবলিক পরীক্ষায় অংশগ্রহণ করবে এবং এই মা ও বাবা এভাবেই বলবেন, তোমাকে জিপিএ–৫ পেতে হবে","পাবলিক পরীক্ষায় অংশগ্রহণ করবে এবং এই মা ও বাবা এভাবেই বলবেন, তোমাকে জিপিএ–৫ পেতে would"
"শুভেচ্ছা বক্তব্যে প্রথম আলোর সহযোগী সম্পাদক আব্দুল কাইয়ুম অংশগ্রহণকারী শিক্ষার্থীদের উদ্দেশে বলেন, ‘আজকের পরীক্ষা আসলে পরীক্ষা না","শুভেচ্ছা বক্তব্যে first আলোর সহযোগী সম্পাদক আব্দুল কাইয়ুম অংশগ্রহণকারী শিক্ষার্থীদের উদ্দেশে বলেন, ‘আজকের পরীক্ষা আসলে পরীক্ষা না"
"বিশ্ববিদ্যালয়, ব্যাংকসহ সব প্রতিষ্ঠান দুর্নীতিবাজ, অদক্ষ, তোষামোদিদের আড্ডাখানায় পরিণত হবে না","বিশ্ববিদ্যালয়, ব্যাংকসহ সব প্রতিষ্ঠান দুর্নীতিবাজ, অদক্ষ, তোষামোদিদের আড্ডাখানায় পরিণত would না"
চলমান প্রাথমিক শিক্ষা সমাপনী পরীক্ষায় কর্তব্য পালনে অবহেলার অভিযোগে গত দুই দিনে লালমনিরহাটের আদিতমারী উপজেলায় দুই শিক্ষককে কর্তৃপক্ষ দায়িত্ব থেকে অব্যাহতি দিয়েছে,চলমান প্রাথমিক শিক্ষা সমাপনী পরীক্ষায় কর্তব্য পালনে অবহেলার অভিযোগে গত two দিনে লালমনিরহাটের আদিতমারী উপজেলায় two শিক্ষককে কর্তৃপক্ষ দায়িত্ব থেকে অব্যাহতি দিয়েছে
"জানতে চাইলে রাখী চক্রবর্তী গতকাল প্রথম আলোকে বলেন, এ ব্যাপারে সময়মতো তথ্যপ্রমাণাদি উপস্থাপন করা হবে","জানতে চাইলে রাখী চক্রবর্তী গতকাল first আলোকে বলেন, এ ব্যাপারে সময়মতো তথ্যপ্রমাণাদি উপস্থাপন করা would"
"বর্তমান কমিটির সভাপতি আরফানুল হক বলেন, বিদ্যালয়কে আরও সুন্দরভাবে পরিচালনার জন্য বিধি মোতাবেক সব ধরনের ব্যবস্থা নেওয়া হবে","বর্তমান কমিটির সভাপতি আরফানুল হক বলেন, বিদ্যালয়কে আরও সুন্দরভাবে পরিচালনার জন্য বিধি মোতাবেক সব ধরনের ব্যবস্থা নেওয়া would"
তখন যেন এক শ্রেণিসম্মিলন ঘটেছিল,তখন যেন one শ্রেণিসম্মিলন ঘটেছিল
তবু গত এক বছর পাঁচ মাসেও মামলার অভিযোগপত্র জমা পড়েনি,তবু গত one year পাঁচ মাসেও মামলার অভিযোগপত্র জমা পড়েনি
"তারপর চাকরি নামের এ যুদ্ধে নেমে কখন যে ৩০ বছর পার হয়ে যায়, টেরও পাই না","তারপর চাকরি নামের এ যুদ্ধে নেমে কখন যে ৩০ year পার হয়ে যায়, টেরও পাই না"
বিবিসি অনলাইনের এক খবরে এ তথ্য জানানো হয়েছে,বিবিসি অনলাইনের one খবরে এ information জানানো হয়েছে
জোনাকী সিনেমা হলের অন্যতম উদ্যোক্তা মো. তাজুল ইসলাম দুই মাস আগে বুকিং দিয়েছিলেন রংবাজ ছবিটির জন্য,জোনাকী সিনেমা হলের অন্যতম উদ্যোক্তা মো. তাজুল ইসলাম two মাস আগে বুকিং দিয়েছিলেন রংবাজ ছবিটির জন্য
"পরিশোধিত হওয়ার পরও পানির এই অবস্থা কেন? জানতে চাইলে পাগলা পয়ঃশোধনাগারের নির্বাহী প্রকৌশলী হুমায়ুন কবীর বলেন, এখানে পরিশোধন করা হয় সূর্যের আলোর মাধ্যমে","পরিশোধিত হওয়ার পরও পানির এই state কেন? জানতে চাইলে পাগলা পয়ঃশোধনাগারের নির্বাহী প্রকৌশলী হুমায়ুন কবীর বলেন, এখানে পরিশোধন করা হয় সূর্যের আলোর মাধ্যমে"
"দেশে শ্রীমঙ্গল, বান্দরবান ও সিলেটে ছবিটির শুটিং হবে","দেশে শ্রীমঙ্গল, বান্দরবান ও সিলেটে ছবিটির শুটিং would"
"এক টুইটার বার্তায় বাংলাদেশের পররাষ্ট্র প্রতিমন্ত্রী মো. শাহ্‌রিয়ার আলম এই হত্যার নিন্দা জানিয়ে বলেন, এ ঘটনা শান্তিপ্রিয় মানুষের ওপর কাপুরুষোচিত হামলা","one টুইটার বার্তায় বাংলাদেশের পররাষ্ট্র প্রতিমন্ত্রী মো. শাহ্‌রিয়ার আলম এই হত্যার নিন্দা জানিয়ে বলেন, এ ঘটনা শান্তিপ্রিয় মানুষের ওপর কাপুরুষোচিত হামলা"
"ছাতিয়ানগাছায় কেন আমসহ অন্যান্য ফল নষ্ট হচ্ছে, তা পরীক্ষা করে দেখতে হবে","ছাতিয়ানগাছায় কেন আমসহ অন্যান্য ফল নষ্ট হচ্ছে, তা পরীক্ষা করে দেখতে would"
তেমনই এক হত্যাকাণ্ড নারায়ণগঞ্জে মেধাবী কিশোর তানভীর মুহাম্মদ ত্বকী হত্যা,তেমনই one হত্যাকাণ্ড নারায়ণগঞ্জে মেধাবী কিশোর তানভীর মুহাম্মদ ত্বকী হত্যা
গতকাল সিলেট আন্তর্জাতিক স্টেডিয়ামে অনুশীলন শেষে প্রথম আলোর সঙ্গে রোডসের আলাপচারিতায় উঠে এল বেশ কিছু প্রসঙ্গই,গতকাল সিলেট আন্তর্জাতিক স্টেডিয়ামে অনুশীলন শেষে first আলোর সঙ্গে রোডসের আলাপচারিতায় উঠে এল বেশ কিছু প্রসঙ্গই
"কিন্তু য়ুবান-শি-কাই নামক এক সেনাপতি জমিদার, বণিক, উচ্চপদস্থ সামরিক কর্মকর্তা এবং সরকারি আমলাদের সাথে ষড়যন্ত্র করে সান ইয়াৎ সেনকে ক্ষমতা ছেড়ে দিতে বাধ্য করে","কিন্তু য়ুবান-শি-কাই নামক one সেনাপতি জমিদার, বণিক, উচ্চপদস্থ সামরিক কর্মকর্তা এবং সরকারি আমলাদের সাথে ষড়যন্ত্র করে সান ইয়াৎ সেনকে ক্ষমতা ছেড়ে দিতে বাধ্য করে"
"গতকাল পরীক্ষাগারে টেস্ট করাতে গেলে সেখান থেকে জানানো হয়, বিনা মূল্যে টেস্ট করাতে হলে প্রশাসনিক ভবন থেকে স্বাক্ষর নিয়ে আসতে হবে","গতকাল পরীক্ষাগারে টেস্ট করাতে গেলে সেখান থেকে জানানো হয়, বিনা মূল্যে টেস্ট করাতে হলে প্রশাসনিক ভবন থেকে স্বাক্ষর নিয়ে আসতে would"
"যশোর জেনারেল হাসপাতালের সহকারী রেজিস্ট্রার বজলুর রশীদ প্রথম আলোকে বলেন, ভোঁতা অস্ত্র দিয়ে তুহিনের চার হাত-পা পিটিয়ে থেঁতলে দেওয়া হয়েছে","যশোর জেনারেল হাসপাতালের সহকারী রেজিস্ট্রার বজলুর রশীদ first আলোকে বলেন, ভোঁতা অস্ত্র দিয়ে তুহিনের চার হাত-পা পিটিয়ে থেঁতলে দেওয়া হয়েছে"
আজ রাত ১০টায় প্রচারিত হবে এ মৌসুমের সপ্তম পর্ব,আজ রাত ১০টায় প্রচারিত would এ মৌসুমের সপ্তম পর্ব
"সৈয়দপুর রেলওয়ে জেলার অতিরিক্ত পুলিশ সুপার দেওয়ান লালন আহমেদ জানান, ট্রেনে ট্রেনে চেইন টানার ঘটনা আমাদের বিব্রতকর অবস্থায় ফেলেছে","সৈয়দপুর রেলওয়ে জেলার অতিরিক্ত পুলিশ সুপার দেওয়ান লালন আহমেদ জানান, ট্রেনে ট্রেনে চেইন টানার ঘটনা us বিব্রতকর অবস্থায় ফেলেছে"
প্রথম আলো: ৩১ জানুয়ারিতে কি কোনো প্রজ্ঞাপন আসবে? অ্যাটর্নি জেনারেল: এটা আইন মন্ত্রণালয়ের ব্যাপার,first আলো: ৩১ জানুয়ারিতে কি কোনো প্রজ্ঞাপন আসবে? অ্যাটর্নি জেনারেল: এটা আইন মন্ত্রণালয়ের ব্যাপার
বিসিএসসহ সরকারি সব চাকরিতে প্রবেশের বয়সসীমা ৩৫ বছর করার দাবি জানিয়েছে বাংলাদেশ সাধারণ ছাত্র পরিষদ নামের একটি সংগঠন,বিসিএসসহ সরকারি সব চাকরিতে প্রবেশের বয়সসীমা ৩৫ year করার দাবি জানিয়েছে বাংলাদেশ সাধারণ ছাত্র পরিষদ নামের একটি সংগঠন
দ্বিতীয়বার কবর থেকে লাশ উঠানোর সময়ও মাথার পেছনে আঘাতের চিহ্ন দেখেছেন সংশ্লিষ্টরা,দ্বিতীয়বার কবর থেকে লাশ উঠানোর সময়ও মাথার back আঘাতের চিহ্ন দেখেছেন সংশ্লিষ্টরা
ডিভিশনের আদেশ পাওয়ার পরই তাঁকে সেখানে স্থানান্তর করা হবে,ডিভিশনের আদেশ পাওয়ার পরই তাঁকে সেখানে স্থানান্তর করা would
প্রথম ম্যাচে হারের জন্য দুষেছিলেন বৃষ্টিকে,first ম্যাচে হারের জন্য দুষেছিলেন বৃষ্টিকে
সিসি ক্যামেরার সহযোগিতায় পুলিশের এই স্বল্পতার সমস্যা অনেকাংশে লাঘব হবে,সিসি ক্যামেরার সহযোগিতায় পুলিশের এই স্বল্পতার সমস্যা অনেকাংশে লাঘব would
কিন্তু খাদ্যনিরাপত্তার বিষয়টিও ডব্লিউটিওতে জটিল বিষয় হিসেবেই পরিচিত ছিল এত দিন,কিন্তু খাদ্যনিরাপত্তার বিষয়টিও ডব্লিউটিওতে জটিল বিষয় হিসেবেই পরিচিত ছিল এত day
জনস্বার্থে করা তাঁদের নিষ্ঠাবান প্রতিবাদকে কলঙ্কিত করার অপচেষ্টাকে বাতিল করতে হবে,জনস্বার্থে করা তাঁদের নিষ্ঠাবান প্রতিবাদকে কলঙ্কিত করার অপচেষ্টাকে বাতিল করতে would
অস্ত্রের বদলে কলম দিন,অস্ত্রের বদলে কলম day
"একে অযথাযথ খবর চিহ্নিত করে মেইন বলেন, প্রায় ৭০ ভাগ ব্রিটিশ সাহায্য এনজিওর মাধ্যমে খরচ হয়","একে অযথাযথ news চিহ্নিত করে মেইন বলেন, প্রায় ৭০ ভাগ ব্রিটিশ help এনজিওর মাধ্যমে খরচ হয়"
"অর্থমন্ত্রী বলেন, ‘টেকসই অর্থনীতির জন্য উৎপাদন সক্ষমতা বাড়ানোয় জোর দিতে হবে","অর্থমন্ত্রী বলেন, ‘টেকসই অর্থনীতির জন্য উৎপাদন সক্ষমতা বাড়ানোয় জোর দিতে would"
এ বিষয়ে বিভিন্ন মাধ্যমে প্রচার-প্রচারণা চালাতে হবে,এ বিষয়ে বিভিন্ন মাধ্যমে প্রচার-প্রচারণা চালাতে would
"স্বাস্থ্যমন্ত্রী মো. নাসিম বলেছেন, নিয়মানুযায়ী যেসব চিকিত্সক দুই বছর করে গ্রামে থাকবেন, তাঁদের সরকার ভালো জায়গায় বদলি করবে","স্বাস্থ্যমন্ত্রী মো. নাসিম বলেছেন, নিয়মানুযায়ী যেসব চিকিত্সক two year করে গ্রামে থাকবেন, তাঁদের সরকার ভালো জায়গায় বদলি করবে"
"হাসপাতাল সূত্রে জানা গেছে, চার বছর ধরে জেনারেটরের জন্য তেলের বরাদ্দ পাওয়া যায়নি","হাসপাতাল সূত্রে জানা গেছে, চার year ধরে জেনারেটরের জন্য তেলের বরাদ্দ get যায়নি"
সেই নির্বাচনে জনগণ ভোটের মাধ্যমে তাদের দিন কানা রোগের চিকিৎসা দেবে,সেই নির্বাচনে জনগণ ভোটের মাধ্যমে তাদের day কানা রোগের চিকিৎসা দেবে
রাজধানীর কাফরুলে পুলিশের সঙ্গে কথিত বন্দুকযুদ্ধে আবদুস সালাম নামের এক যুবক নিহত হয়েছেন,রাজধানীর কাফরুলে পুলিশের সঙ্গে কথিত বন্দুকযুদ্ধে আবদুস সালাম নামের one যুবক নিহত হয়েছেন
আর বলিউডের অভিনেতা রাহুল বোসকে দেখা যাবে নাট্যদলের তত্ত্বাবধায়ক চরিত্রে,আর বলিউডের অভিনেতা রাহুল বোসকে see যাবে নাট্যদলের তত্ত্বাবধায়ক চরিত্রে
এই ফাঁক দিয়ে সাধারণ মানুষ ও অনেক সময় মোটরসাইকেল এক পাশ থেকে অন্য পাশে চলে যায়,এই ফাঁক দিয়ে সাধারণ people ও অনেক সময় মোটরসাইকেল one পাশ থেকে অন্য পাশে চলে যায়
জেটিতে আনার সময় নিউমুরিং টার্মিনালের পাশে নৌবাহিনীর জেটিতে থাকা দুটি জাহাজকে ধাক্কা দেয় দুর্ঘটনাকবলিত জাহাজটি,জেটিতে আনার time নিউমুরিং টার্মিনালের পাশে নৌবাহিনীর জেটিতে থাকা দুটি জাহাজকে ধাক্কা দেয় দুর্ঘটনাকবলিত জাহাজটি
"জুয়েল ও মিলন জানায়, বাড়ি থেকে রাগ করে তারা হিলিতে আসে","জুয়েল ও মিলন জানায়, home থেকে রাগ করে তারা হিলিতে আসে"
এইচবিও (ইন্ডিয়া)সকাল ১০-২৩ ভি ফর ভেনডেটা (নাটালি পোর্টম্যান),এইচবিও (ইন্ডিয়া)সকাল ১০-২৩ ভি ফর ভেনডেটা (নাটালি পোর্টম্যান)
"ভূমিমন্ত্রী শামসুর রহমান শরীফের এলাকা আটঘরিয়া, পূর্তমন্ত্রী মোশাররফ হোসেনের এলাকা মিরসরাই, আওয়ামী লীগের যুগ্ম সাধারণ সম্পাদক মাহবুব উল আলম হানিফের এলাকা কুষ্টিয়া সদর, তথ্য ও যোগাযোগপ্রযুক্তি প্রতিমন্ত্রী জুনাইদ আহমেদের এলাকা সিংড়া, সিলেট জেলা আওয়ামী লীগের সভাপতি শফিকুর রহমানের এলাকা বিশ্বনাথ, পঞ্চগড় জেলা আওয়ামী লীগের সভাপতি নূরুল ইসলাম সুজনের এলাকা আটঘরিয়ায় বিএনপি-সমর্থিত প্রার্থীরা বিজয়ী হয়েছেন","ভূমিমন্ত্রী শামসুর রহমান শরীফের এলাকা আটঘরিয়া, পূর্তমন্ত্রী মোশাররফ হোসেনের এলাকা মিরসরাই, আওয়ামী লীগের যুগ্ম সাধারণ সম্পাদক মাহবুব উল আলম হানিফের এলাকা কুষ্টিয়া সদর, information ও যোগাযোগপ্রযুক্তি প্রতিমন্ত্রী জুনাইদ আহমেদের এলাকা সিংড়া, সিলেট জেলা আওয়ামী লীগের সভাপতি শফিকুর রহমানের এলাকা বিশ্বনাথ, পঞ্চগড় জেলা আওয়ামী লীগের সভাপতি নূরুল ইসলাম সুজনের এলাকা আটঘরিয়ায় বিএনপি-সমর্থিত প্রার্থীরা বিজয়ী হয়েছেন"
"ভাষাসৈনিকদের প্রকৃত তালিকা তৈরি, শহীদ মিনারের পাশে একটি লাইব্রেরিসহ ভাষা জাদুঘর নির্মাণের নির্দেশনা বাস্তবায়নের পদক্ষেপ ও অগ্রগতি ছয় মাসের মধ্যে আদালতে দাখিল করতে সংস্কৃতিসচিবকে নির্দেশ দেওয়া হয়েছে","ভাষাসৈনিকদের প্রকৃত list তৈরি, শহীদ মিনারের পাশে একটি লাইব্রেরিসহ ভাষা জাদুঘর নির্মাণের নির্দেশনা বাস্তবায়নের পদক্ষেপ ও অগ্রগতি ছয় মাসের মধ্যে আদালতে দাখিল করতে সংস্কৃতিসচিবকে নির্দেশ দেওয়া হয়েছে"
"আরএফএমএসের মালিকের ভাই সফিউল বাশার বলেন, ‘এক বছর আগে ভাটাটি আরেকজনের কাছ থেকে কিনেছি","আরএফএমএসের মালিকের ভাই সফিউল বাশার বলেন, ‘এক year আগে ভাটাটি আরেকজনের কাছ থেকে কিনেছি"
অন্যদিকে মুস্তাফিজকে হাতছানি দিচ্ছে নতুন আরও কিছু রেকর্ড,অন্যদিকে মুস্তাফিজকে হাতছানি দিচ্ছে new আরও কিছু রেকর্ড
"মানববন্ধনে ফেনী সরকারি কলেজ, ফেনী পলিটেকনিক ইনস্টিটিউট, ফেনী কম্পিউটার ইনস্টিটিউট, আর্য সাংস্কৃতিক কেন্দ্র, পূবালী সাংস্কৃতিক কেন্দ্র, কিশোর থিয়েটার, সুবচন নাট্যগোষ্ঠী, প্রথম আলো ফেনী বন্ধুসভা, ফেনী ক্রিকেট একাডেমি, ফেনী ক্রিকেট অ্যাসোসিয়েশন, আরবান ইয়ুথ সোসাইটি, আভাস, মাহবুব উল হক পেয়ারা ফাউন্ডেশনসহ প্রায় ৩০টি সামাজিক-সাংস্কৃতিক সংগঠনের কর্মী সদস্য ও শিক্ষাপ্রতিষ্ঠানের শিক্ষার্থীরা মানববন্ধনে অংশ নেন","মানববন্ধনে ফেনী সরকারি কলেজ, ফেনী পলিটেকনিক ইনস্টিটিউট, ফেনী কম্পিউটার ইনস্টিটিউট, আর্য সাংস্কৃতিক কেন্দ্র, পূবালী সাংস্কৃতিক কেন্দ্র, কিশোর থিয়েটার, সুবচন নাট্যগোষ্ঠী, first আলো ফেনী বন্ধুসভা, ফেনী ক্রিকেট একাডেমি, ফেনী ক্রিকেট অ্যাসোসিয়েশন, আরবান ইয়ুথ সোসাইটি, আভাস, মাহবুব উল হক পেয়ারা ফাউন্ডেশনসহ প্রায় ৩০টি সামাজিক-সাংস্কৃতিক সংগঠনের কর্মী সদস্য ও শিক্ষাপ্রতিষ্ঠানের শিক্ষার্থীরা মানববন্ধনে অংশ নেন"
"এ সময় বক্তারা বলেছেন, ইউডিসি উদ্যোক্তারাই লেখালেখির মাধ্যমে তৃণমূল মানুষের সাফল্যের খবর তুলে ধরবেন","এ সময় বক্তারা বলেছেন, ইউডিসি উদ্যোক্তারাই লেখালেখির মাধ্যমে তৃণমূল মানুষের সাফল্যের news তুলে ধরবেন"
এই হামলায় তিন নারী ও এক পুরুষ নিহত হয়েছেন,এই হামলায় তিন নারী ও one পুরুষ নিহত হয়েছেন
"জানতে চাইলে সাংসদ মোয়াজ্জেম প্রথম আলোকেবলেন, ‘২০ টন চাল কোনো বিষয় না","জানতে চাইলে সাংসদ মোয়াজ্জেম first আলোকেবলেন, ‘২০ টন চাল কোনো বিষয় না"
এর তিন থেকে চার মাস পরই কালভার্টটির এক পাশ (উত্তর দিক) দেবে যায়,এর তিন থেকে চার মাস পরই কালভার্টটির one পাশ (উত্তর দিক) দেবে যায়
"সংবাদমাধ্যম এ নিয়ে বিসিসিআই নির্বাচক প্রধান এম এস কে প্রসাদের সঙ্গে যোগাযোগ করলে তিনি বলেন, ‘দয়া করে এ বিষয়ে বিসিসিআই সেক্রেটারির সঙ্গে কথা বলুন","সংবাদমাধ্যম এ নিয়ে বিসিসিআই নির্বাচক প্রধান এম এস কে প্রসাদের সঙ্গে contact করলে তিনি বলেন, ‘দয়া করে এ বিষয়ে বিসিসিআই সেক্রেটারির সঙ্গে কথা বলুন"
ইউনিকোডের প্রথম সংস্করণ ১৯৮৮ সালে প্রকাশ পেলেও ১৯৮৮ থেকে ২০০৯ সাল পর্যন্ত ইউনিকোড কনসোর্টিয়ামে বাংলাদেশ ছিল না,ইউনিকোডের first সংস্করণ ১৯৮৮ সালে প্রকাশ পেলেও ১৯৮৮ থেকে ২০০৯ সাল পর্যন্ত ইউনিকোড কনসোর্টিয়ামে বাংলাদেশ ছিল না
তাঁর দুই ছেলেমেয়ে,তাঁর two ছেলেমেয়ে
প্রথম আলোর অনুরোধে বাংলাদেশ দলের চার খেলোয়াড় ও নির্বাচক হাবিবুল বাশার সিরিজটির দিকে ফিরে তাকিয়ে আপ্লুত হলেন আবারও,first আলোর অনুরোধে বাংলাদেশ দলের চার খেলোয়াড় ও নির্বাচক হাবিবুল বাশার সিরিজটির দিকে ফিরে তাকিয়ে আপ্লুত হলেন আবারও
তিনি বগুড়ার সরকারি আজিজুল হক কলেজের ব্যবস্থাপনা বিষয়ের সম্মান প্রথম বর্ষের ছাত্র,তিনি বগুড়ার সরকারি আজিজুল হক কলেজের ব্যবস্থাপনা বিষয়ের সম্মান first বর্ষের ছাত্র
নতুন ভবন নির্মাণের জন্য জনপ্রতিনিধিরা বিভিন্ন প্রতিশ্রুতি দিলেও তা বাস্তবায়িত হচ্ছে না,new ভবন নির্মাণের জন্য জনপ্রতিনিধিরা বিভিন্ন প্রতিশ্রুতি দিলেও তা বাস্তবায়িত হচ্ছে না
"হার্ডওয়্যার পরীক্ষাপুরোনো মোবাইল ফোন কেনার আগে ফোনের কাঠামো ঠিকঠাক আছে কি না, দেখে দিন","হার্ডওয়্যার পরীক্ষাপুরোনো মোবাইল ফোন কেনার আগে ফোনের কাঠামো ঠিকঠাক আছে কি না, দেখে day"
সব বিষয়ে ফলপ্রসূ ও বলিষ্ঠ আলোচনা করতে হবে,সব বিষয়ে ফলপ্রসূ ও বলিষ্ঠ আলোচনা করতে would
প্রিন্স উইলিয়ামের দাদার দাদার নাম ছিল প্রিন্স লুইস,প্রিন্স উইলিয়ামের দাদার দাদার name ছিল প্রিন্স লুইস
ভুল শুধরে দিতে হবে,ভুল শুধরে দিতে would
বয়সে দুই বছরের বড় বিনোদ কাম্বলিকে সঙ্গে নিয়ে গড়েন ৬৬৪ রানের অবিচ্ছিন্ন জুটি,বয়সে two বছরের বড় বিনোদ কাম্বলিকে সঙ্গে নিয়ে গড়েন ৬৬৪ রানের অবিচ্ছিন্ন জুটি
আমাদের জন্য এই জয় স্বপ্ন সত্যি হয়ে যাওয়ার মতোই একটা ব্যাপার,us জন্য এই জয় স্বপ্ন সত্যি হয়ে যাওয়ার মতোই একটা ব্যাপার
"হাজীগঞ্জ থানার পরিদর্শক (তদন্ত) মিজানুর রহমান গতকাল রাত পৌনে আটটায় প্রথম আলোকে জানান, পুলিশ মেয়েটিকে নিয়ে গাজীপুরের কিশোরী উন্নয়ন কেন্দ্রের উদ্দেশে রওনা হয়েছে","হাজীগঞ্জ থানার পরিদর্শক (তদন্ত) মিজানুর রহমান গতকাল রাত পৌনে আটটায় first আলোকে জানান, পুলিশ মেয়েটিকে নিয়ে গাজীপুরের কিশোরী উন্নয়ন কেন্দ্রের উদ্দেশে রওনা হয়েছে"
"ভাষণে জাপানের প্রধানমন্ত্রী শিনজো আবে সতর্ক করে দিয়ে বলেছেন, অর্থনীতির বিশ্বায়নের ফলে ঘটতে থাকা দ্রুত পরিবর্তন নিয়ে উদ্বেগ ও অসন্তোষ কখনো কখনো সংরক্ষণবাদের প্রলোভনের দিকে ধাবিত হওয়ার ইন্ধন জুগিয়ে গেলেও নিয়ন্ত্রিত বাণিজ্যিক পদক্ষেপ গ্রহণের হুমকি সবার জন্য ক্ষতিকর হয়ে দেখা দেবে","ভাষণে জাপানের প্রধানমন্ত্রী শিনজো আবে সতর্ক করে দিয়ে বলেছেন, অর্থনীতির বিশ্বায়নের ফলে ঘটতে থাকা দ্রুত পরিবর্তন নিয়ে উদ্বেগ ও অসন্তোষ কখনো কখনো সংরক্ষণবাদের প্রলোভনের দিকে ধাবিত হওয়ার ইন্ধন জুগিয়ে গেলেও নিয়ন্ত্রিত বাণিজ্যিক পদক্ষেপ গ্রহণের হুমকি সবার জন্য ক্ষতিকর হয়ে see দেবে"
নাম মোস্ট ওয়েলকাম টু,name মোস্ট ওয়েলকাম টু
"পূর্ব বাংলার মানুষ সে অন্যায়ের বিরুদ্ধে যে সশস্ত্র প্রতিরোধ গড়ে তোলে, তা ছিল গণতন্ত্র ও ন্যায় প্রতিষ্ঠার লক্ষ্যে এক সর্বাত্মক জনযুদ্ধের সূচনা, যা চলেছে পরবর্তী ৯ মাস ধরে","পূর্ব বাংলার people সে অন্যায়ের বিরুদ্ধে যে সশস্ত্র প্রতিরোধ গড়ে তোলে, তা ছিল গণতন্ত্র ও ন্যায় প্রতিষ্ঠার লক্ষ্যে one সর্বাত্মক জনযুদ্ধের সূচনা, যা চলেছে next ৯ মাস ধরে"
"উদ্বোধন শেষে হাসপাতাল মিলনায়তনে প্রধান অতিথির বক্তৃতায় মোহাম্মদ নাসিম বলেন, শেখ আবু নাসের বিশেষায়িত হাসপাতালে চলতি বছরের মধ্যে ২৫০ শয্যা চালুর উদ্যোগ নেওয়া হবে","উদ্বোধন শেষে হাসপাতাল মিলনায়তনে প্রধান অতিথির বক্তৃতায় মোহাম্মদ নাসিম বলেন, শেখ আবু নাসের বিশেষায়িত হাসপাতালে চলতি বছরের মধ্যে ২৫০ শয্যা চালুর উদ্যোগ নেওয়া would"
"পুষ্টিবিদ আখতারুন নাহার বললেন, ‘দিনে কতবার কোন ধরনের খাবার কতটুকু খাচ্ছি, সে ব্যাপারে সচেতন হতে হবে","পুষ্টিবিদ আখতারুন নাহার বললেন, ‘দিনে কতবার কোন ধরনের খাবার কতটুকু খাচ্ছি, সে ব্যাপারে সচেতন হতে would"
"তিনি প্রথম আলোকে বলেন, সকাল ১০টা থেকে এই অভিযান শুরু হয়","তিনি first আলোকে বলেন, সকাল ১০টা থেকে এই অভিযান শুরু হয়"
মেসির সঙ্গে তাঁর জুটি দেখার জন্য অধীর আগ্রহে অপেক্ষা করছে পুরো ফুটবল বিশ্ব,মেসির সঙ্গে তাঁর জুটি দেখার জন্য অধীর আগ্রহে অপেক্ষা করছে পুরো ফুটবল world
"গবেষণায় দেখা যায়, ২০৮০ সালে বাংলাদেশের তাপমাত্রা বেড়ে যাবে দুই ডিগ্রি সেলসিয়াস","গবেষণায় see যায়, ২০৮০ সালে বাংলাদেশের তাপমাত্রা বেড়ে যাবে two ডিগ্রি সেলসিয়াস"
নিজের ক্ষমতায়ন এভাবে করলে নিজেরাই হয়ে উঠব ডায়াবেটিসের বিরুদ্ধে লড়াকু মানুষ,নিজের ক্ষমতায়ন এভাবে করলে নিজেরাই হয়ে উঠব ডায়াবেটিসের বিরুদ্ধে লড়াকু people
এখন তাঁর অবস্থা পর্যবেক্ষণ করবেন চিকিৎসকেরা,এখন তাঁর state পর্যবেক্ষণ করবেন চিকিৎসকেরা
"গর্বাচেভ যেমন আগের ব্যবস্থা খারিজ করে নতুন ব্যবস্থা এনেছেন, তেমনি ইয়েলৎসিনের কাছ থেকে ক্ষমতা লাভের পর পুতিনও আগের সরকারের সবকিছু মুছে ফেলেছেন","গর্বাচেভ যেমন আগের ব্যবস্থা খারিজ করে new ব্যবস্থা এনেছেন, তেমনি ইয়েলৎসিনের কাছ থেকে ক্ষমতা লাভের পর পুতিনও আগের সরকারের সবকিছু মুছে ফেলেছেন"
কয়েক দিন আগে ইসরায়েল অস্ত্রবিরতির ঘোষণা দিলেও হামাসের পক্ষ থেকে তা প্রত্যাখ্যান করা হয়,কয়েক day আগে ইসরায়েল অস্ত্রবিরতির ঘোষণা দিলেও হামাসের পক্ষ থেকে তা প্রত্যাখ্যান করা হয়
এ অবস্থায় গোড়া থেকে ছেঁটে দিলে নতুন গজানো ডালে আবার ভালো ফুল ফুটবে,এ অবস্থায় গোড়া থেকে ছেঁটে দিলে new গজানো ডালে আবার ভালো ফুল ফুটবে
মিডিয়া আমাদের সতর্ক করেছে,মিডিয়া us সতর্ক করেছে
এ সময় উপস্থিত ছিলেন চিটাগাং চেম্বার অব কমার্স অ্যান্ড ইন্ডাস্ট্রিসের সভাপতি মাহবুবুল আলম,এ time উপস্থিত ছিলেন চিটাগাং চেম্বার অব কমার্স অ্যান্ড ইন্ডাস্ট্রিসের সভাপতি মাহবুবুল আলম
"যেখানে দেখা যাচ্ছে, ভারতীয় পোশাক পরে নাচের মুদ্রায় তাঁর মেয়ে","যেখানে see যাচ্ছে, ভারতীয় পোশাক পরে নাচের মুদ্রায় তাঁর মেয়ে"
শিবিরের ছেলেরা বোমাগুলো সেখানে রেখেছে বলে আমাদের কাছে তথ্য রয়েছে,শিবিরের ছেলেরা বোমাগুলো সেখানে রেখেছে বলে us কাছে information রয়েছে
"বিশ্ব স্বাস্থ্য সংস্থার ২০১৪ সালের তথ্য অনুযায়ী, আত্মহত্যার ঘটনার দিক থেকে বিশ্বে বাংলাদেশের অবস্থান দশম","world health সংস্থার ২০১৪ সালের information অনুযায়ী, আত্মহত্যার ঘটনার দিক থেকে বিশ্বে বাংলাদেশের অবস্থান দশম"
"উসখুস চুল, গালে খোঁচা খোঁচা দাড়িতে দেখা গেলেও পরিষ্কার-পরিচ্ছন্ন ও ফিটফাট থাকতে পছন্দ করেন","উসখুস চুল, গালে খোঁচা খোঁচা দাড়িতে see গেলেও পরিষ্কার-পরিচ্ছন্ন ও ফিটফাট থাকতে like করেন"
"ঝঞ্ঝাবিক্ষুব্ধ সময়ে শান্তি পুনরুদ্ধারে ও মধ্যপ্রাচ্যের গণতন্ত্র সুরক্ষায় যুক্তরাষ্ট্রের উচিত হবে এরদোয়ানের মতো একজন একনায়ককে পাত্তা না দেওয়া, যিনি তাঁর বিরুদ্ধে পরিচালিত এক ব্যর্থ অভ্যুত্থানকে সাংবিধানিক সরকারের বিরুদ্ধে অভ্যুত্থানে পরিণত করছেন, যার নেতা স্বয়ং তিনি","ঝঞ্ঝাবিক্ষুব্ধ সময়ে শান্তি পুনরুদ্ধারে ও মধ্যপ্রাচ্যের গণতন্ত্র সুরক্ষায় যুক্তরাষ্ট্রের উচিত would এরদোয়ানের মতো একজন একনায়ককে পাত্তা না দেওয়া, যিনি তাঁর বিরুদ্ধে পরিচালিত one ব্যর্থ অভ্যুত্থানকে সাংবিধানিক সরকারের বিরুদ্ধে অভ্যুত্থানে পরিণত করছেন, যার নেতা স্বয়ং তিনি"
"তবে পল্লবী থানার উপপরিদর্শক (এসআই) আবদুল হালিম প্রথম আলোকে বলেন, ওই বাসায় গিয়ে কোনো গ্যাস সিলিন্ডার পাওয়া যায়নি","তবে পল্লবী থানার উপপরিদর্শক (এসআই) আবদুল হালিম first আলোকে বলেন, ওই বাসায় গিয়ে কোনো গ্যাস সিলিন্ডার get যায়নি"
"স্থানীয় সংবাদমাধ্যম সূত্রে জানা গেছে, মামলার নথি-তথ্যপ্রমাণ চাওয়া হবে সিবিআইয়ের (ভারতের কেন্দ্রীয় তদন্ত সংস্থা) কাছে","স্থানীয় সংবাদমাধ্যম সূত্রে জানা গেছে, মামলার নথি-তথ্যপ্রমাণ চাওয়া would সিবিআইয়ের (ভারতের কেন্দ্রীয় তদন্ত সংস্থা) কাছে"
এবারই প্রথম এই চরিত্র নিয়ে চলচ্চিত্র তৈরি হয়েছে,এবারই first এই চরিত্র নিয়ে চলচ্চিত্র তৈরি হয়েছে
"অন্যদিকে আইএমএফ বলেছে, চলতি অর্থবছরে বাংলাদেশের জিডিপি প্রবৃদ্ধি ৬ দশমিক ৩ শতাংশ হবে","অন্যদিকে আইএমএফ বলেছে, চলতি অর্থবছরে বাংলাদেশের জিডিপি প্রবৃদ্ধি ৬ দশমিক ৩ শতাংশ would"
কিশোরগঞ্জের নিকলী উপজেলা কমপ্লেক্স চত্বরে গতকাল বুধবার দুপুরে যুব ও ক্রীড়া মন্ত্রণালয়ের যুগ্ম সচিব দিল মোহাম্মদের গাড়ির নিচে চাপা পড়ে আবুল হোসেন (৮৫) নামে এক বৃদ্ধ মারা গেছেন,কিশোরগঞ্জের নিকলী উপজেলা কমপ্লেক্স চত্বরে গতকাল বুধবার দুপুরে যুব ও ক্রীড়া মন্ত্রণালয়ের যুগ্ম সচিব দিল মোহাম্মদের গাড়ির নিচে চাপা পড়ে আবুল হোসেন (৮৫) নামে one বৃদ্ধ মারা গেছেন
"মুক্তির পর থেকেই চাঙা ব্যবসা করছে, আলোচনায় আছে ছবির গল্প, নির্মাণ আর সবার অভিনয়","মুক্তির পর থেকেই চাঙা business করছে, আলোচনায় আছে ছবির গল্প, নির্মাণ আর সবার অভিনয়"
"কারণ, বায়ুমণ্ডলের অতিরিক্ত তাপমাত্রা শোষণ করার মতো প্রয়োজনীয় সফট সারফেজ (মাটি) আমরা হারাচ্ছি দিন দিন","কারণ, বায়ুমণ্ডলের অতিরিক্ত তাপমাত্রা শোষণ করার মতো প্রয়োজনীয় সফট সারফেজ (মাটি) আমরা হারাচ্ছি day day"
অর্থাৎ প্রতিটি ডিমের পাইকারি মূল্য সাড়ে সাত থেকে পৌনে আট টাকা,অর্থাৎ প্রতিটি ডিমের পাইকারি price সাড়ে সাত থেকে পৌনে আট টাকা
দুই নারীর কেউই কোনো পক্ষের হয়ে সংঘর্ষে জড়াননি,two নারীর কেউই কোনো পক্ষের হয়ে সংঘর্ষে জড়াননি
গোটা দেশের মানুষ এই ইস্যুতে এক হয়েছে,গোটা দেশের people এই ইস্যুতে one হয়েছে
বাংলাদেশকে প্লে-অফের পরের ম্যাচ খেলতে হবে ভুটানের সঙ্গে,বাংলাদেশকে প্লে-অফের পরের ম্যাচ খেলতে would ভুটানের সঙ্গে
"শ্যামলী কাউন্টারের স্টাফ আনোয়ার হোসেন প্রথম আলোকে বলেন, ‘বাস বেশিক্ষণ থাকে না","শ্যামলী কাউন্টারের স্টাফ আনোয়ার হোসেন first আলোকে বলেন, ‘বাস বেশিক্ষণ থাকে না"
এ ছাড়া টিভিতে ফুটবল লিগের খেলা মাঝেমধ্যে দেখা হয়,এ ছাড়া টিভিতে ফুটবল লিগের খেলা মাঝেমধ্যে see হয়
গতবারই গাছটিতে প্রথম আম ধরে,গতবারই গাছটিতে first আম ধরে
এই খবর পেয়ে রাঙ্গুনিয়া ফায়ার স্টেশনের কর্মীরা ঘটনাস্থলে যান,এই news পেয়ে রাঙ্গুনিয়া ফায়ার স্টেশনের কর্মীরা ঘটনাস্থলে যান
"সিরাজগঞ্জ: যমুনা নদীর তীরবর্তী সিরাজগঞ্জ জেলা সদরসহ শাহজাদপুর, বেলকুচি, কাজীপুর ও চৌহালী উপজেলার ৩৫টি ইউনিয়নের লক্ষাধিক মানুষ পানিবন্দী হয়ে পড়েছে","সিরাজগঞ্জ: যমুনা নদীর তীরবর্তী সিরাজগঞ্জ জেলা সদরসহ শাহজাদপুর, বেলকুচি, কাজীপুর ও চৌহালী উপজেলার ৩৫টি ইউনিয়নের লক্ষাধিক people পানিবন্দী হয়ে পড়েছে"
তাই  চীনের জোটকে সঙ্গে নিয়ে বাজারে নতুন নতুন পণ্য যুক্ত করার পরিকল্পনা আমাদের রয়েছে,তাই চীনের জোটকে সঙ্গে নিয়ে বাজারে new new পণ্য যুক্ত করার পরিকল্পনা us রয়েছে
দেখা যাচ্ছে যুক্তরাষ্ট্রে ট্রাম্প প্রশাসন আসার পর অভিবাসনবিরোধী বিভিন্ন পদক্ষেপ নেওয়া হচ্ছে,see যাচ্ছে যুক্তরাষ্ট্রে ট্রাম্প প্রশাসন আসার পর অভিবাসনবিরোধী বিভিন্ন পদক্ষেপ নেওয়া হচ্ছে
গাজা উপত্যকার বাসিন্দা মাহমুদ খালাফের কাছে এটা এক অদ্ভুত অভিজ্ঞতা,গাজা উপত্যকার বাসিন্দা মাহমুদ খালাফের কাছে এটা one অদ্ভুত অভিজ্ঞতা
"এ প্রসঙ্গে নাম প্রকাশে অনিচ্ছুক সিন্ডিকেটের এক সদস্য বলেন, ‘শিক্ষক নিয়োগের জন্য আগের উপাচার্যের সময় সাক্ষাৎকার নেওয়া হলো","এ প্রসঙ্গে name প্রকাশে অনিচ্ছুক সিন্ডিকেটের one সদস্য বলেন, ‘শিক্ষক নিয়োগের জন্য আগের উপাচার্যের সময় সাক্ষাৎকার নেওয়া হলো"
আজ জাহাঙ্গীরনগর বিশ্ববিদ্যালয়ে সমাবর্তন অনুষ্ঠিত হবে,আজ জাহাঙ্গীরনগর বিশ্ববিদ্যালয়ে সমাবর্তন অনুষ্ঠিত would
এর মধ্যে দুই দিন বিশিষ্ট নাগরিকদের সঙ্গে মতবিনিময় করা হয়,এর মধ্যে two day বিশিষ্ট নাগরিকদের সঙ্গে মতবিনিময় করা হয়
"বলা হয়, আগাম সতর্কসংকেতের ব্যবস্থা করতে হবে, পাহাড় উপযোগী গৃহনির্মাণ নীতিমালা থাকতে হবে, পর্যাপ্ত আশ্রয়ণের ব্যবস্থা, ভূমি ব্যবহার নীতিমালা আর সর্বস্তরের মানুষকে এ বিষয়ে ব্যাপকভাবে সচেতন করে তুলতে হবে","বলা হয়, আগাম সতর্কসংকেতের ব্যবস্থা করতে হবে, পাহাড় উপযোগী গৃহনির্মাণ নীতিমালা থাকতে হবে, পর্যাপ্ত আশ্রয়ণের ব্যবস্থা, ভূমি use নীতিমালা আর সর্বস্তরের মানুষকে এ বিষয়ে ব্যাপকভাবে সচেতন করে তুলতে would"
"রুমি এন্টারপ্রাইজের খলিলুর রহমানের যে তথ্য দিয়ে অর্থ আত্মসাৎ ও চেকের জালিয়াতির ঘটনার অবতারণা করা হয়েছে, তা ভিত্তিহীন ও উদ্দেশ্যপ্রণোদিত","রুমি এন্টারপ্রাইজের খলিলুর রহমানের যে information দিয়ে অর্থ আত্মসাৎ ও চেকের জালিয়াতির ঘটনার অবতারণা করা হয়েছে, তা ভিত্তিহীন ও উদ্দেশ্যপ্রণোদিত"
এর জন্যও সময় প্রয়োজন,এর জন্যও time প্রয়োজন
জাকারিয়া লস্করের গ্রামের বাড়ি ময়মনসিংহ পৌর এলাকার কালীবাড়ি সড়কে,জাকারিয়া লস্করের গ্রামের home ময়মনসিংহ পৌর এলাকার কালীবাড়ি সড়কে
চট্টগ্রামের সীতাকুণ্ডে গাড়ির কালো কাচের বিরুদ্ধে অভিযান চালানোর সময় এক পুলিশ সার্জেন্টকে মারধর করে তাঁর মাথা ফাটিয়ে দিয়েছেন প্রাইভেটকারের আরোহীরা,চট্টগ্রামের সীতাকুণ্ডে গাড়ির কালো কাচের বিরুদ্ধে অভিযান চালানোর সময় one পুলিশ সার্জেন্টকে মারধর করে তাঁর মাথা ফাটিয়ে দিয়েছেন প্রাইভেটকারের আরোহীরা
"মাইক হাতে নিয়েই তাঁর প্রথম কথা, ‘গত রাতের জন্য আমি দুঃখিত","মাইক হাতে নিয়েই তাঁর first কথা, ‘গত রাতের জন্য আমি দুঃখিত"
আর এর মধ্যে বাংলাদেশে এটি চাহিদার দিক থেকে শীর্ষ স্থানে উঠে এসেছে,আর এর মধ্যে বাংলাদেশে এটি চাহিদার দিক থেকে top স্থানে উঠে এসেছে
মেয়েদের এএফসি অনূর্ধ্ব-১৬ ফুটবলের বাছাইপর্বে নিজেদের প্রথম ম্যাচে বাহরাইনকে ১০ গোলে উড়িয়ে দিয়েছিল বাংলাদেশ,মেয়েদের এএফসি অনূর্ধ্ব-১৬ ফুটবলের বাছাইপর্বে নিজেদের first ম্যাচে বাহরাইনকে ১০ গোলে উড়িয়ে দিয়েছিল বাংলাদেশ
৩০ এপ্রিল এবং ৫ মে শেষ হবে শেষ দুই পর্বের ভোট গ্রহণ,৩০ এপ্রিল এবং ৫ মে শেষ would শেষ two পর্বের ভোট গ্রহণ
প্লাক করার সুতা অবশ্যই পরিষ্কার হতে হবে,প্লাক করার সুতা অবশ্যই পরিষ্কার হতে would
"জেলা শহরের একটি ক্লিনিকে চিকিৎসাধীন আনিছুর রহমান প্রথম আলোকে বলেন, গত বছরের মার্চ মাসে মুজিবর রহমান ও চাচা আজিজুর রহমান গ্রামের তবিবুর রহমানের কাছ থেকে আট শতক ধানের জমি কেনেন","জেলা শহরের একটি ক্লিনিকে চিকিৎসাধীন আনিছুর রহমান first আলোকে বলেন, গত বছরের মার্চ মাসে মুজিবর রহমান ও চাচা আজিজুর রহমান গ্রামের তবিবুর রহমানের কাছ থেকে আট শতক ধানের জমি কেনেন"
সংবাদ সম্মেলনে তাঁরা ওই দুই পৌরসভায় আওয়ামী লীগ মনোনীত মেয়র প্রার্থীদের বিরুদ্ধে আচরণবিধি লঙ্ঘনের অভিযোগ করেছেন,সংবাদ সম্মেলনে তাঁরা ওই two পৌরসভায় আওয়ামী লীগ মনোনীত মেয়র প্রার্থীদের বিরুদ্ধে আচরণবিধি লঙ্ঘনের অভিযোগ করেছেন
"স্বাস্থ্য অধিদপ্তর বলছে, বাংলাদেশে আসা রোহিঙ্গাদের মধ্যে তারা এইডসে সংক্রমিত এ পর্যন্ত ২৪০ জন রোগীকে নিবন্ধিত করা হয়েছে","health অধিদপ্তর বলছে, বাংলাদেশে আসা রোহিঙ্গাদের মধ্যে তারা এইডসে সংক্রমিত এ পর্যন্ত ২৪০ জন রোগীকে নিবন্ধিত করা হয়েছে"
জব্বারও অপারেশন পছন্দ করে না,জব্বারও অপারেশন like করে না
এতে শুভর বিরপীতে কাজ করেছেন দুই আসরের দুই লাক্স-চ্যানেল আই সুপারস্টার মেহজাবিন ও নাদিয়া,এতে শুভর বিরপীতে কাজ করেছেন two আসরের two লাক্স-চ্যানেল আই সুপারস্টার মেহজাবিন ও নাদিয়া
"কিন্তু লিভারপুল থেকে আর্সেনালে যেতে পারেন, এটা ঠিক পছন্দ হচ্ছে না ওয়েনের","কিন্তু লিভারপুল থেকে আর্সেনালে যেতে পারেন, এটা ঠিক like হচ্ছে না ওয়েনের"
অপেক্ষাকৃত জ্যেষ্ঠ রাজনীতিকদের নিয়ে নতুন সরকার গঠন করলেন শেখ হাসিনা,অপেক্ষাকৃত জ্যেষ্ঠ রাজনীতিকদের নিয়ে new সরকার গঠন করলেন শেখ হাসিনা
"হোটেল হান্নান আল ফয়েজ রেস্তোরাঁর মালিক বজলুল কবির প্রথম আলোকে বলেন, ‘স্বপন ত্রিপুরা ১০ দিন আগে রেস্তোরাঁয় চাকরি নেন","হোটেল হান্নান আল ফয়েজ রেস্তোরাঁর মালিক বজলুল কবির first আলোকে বলেন, ‘স্বপন ত্রিপুরা ১০ day আগে রেস্তোরাঁয় চাকরি নেন"
অন্যথায় তাদের দায়িত্ব পালনে নিষ্ক্রিয়তার বিষয়টি আদালতের নজরে আনা হবে,অন্যথায় তাদের দায়িত্ব পালনে নিষ্ক্রিয়তার বিষয়টি আদালতের নজরে আনা would
সাজা পাওয়া ব্যক্তিরা হলেন সদর উপজেলার রতনকান্দি ইউনিয়নের ভেন্নাবাড়ি গ্রামের সোহরাব আলী (৪৯) ও তাঁর ভাতিজা নজরুল ইসলাম (৩৪),সাজা get ব্যক্তিরা হলেন সদর উপজেলার রতনকান্দি ইউনিয়নের ভেন্নাবাড়ি গ্রামের সোহরাব আলী (৪৯) ও তাঁর ভাতিজা নজরুল ইসলাম (৩৪)
রাহুল গান্ধী মাত্র ১৪ শতাংশের ভোট পেয়ে অ-নে-ক পেছনে,রাহুল গান্ধী মাত্র ১৪ শতাংশের ভোট পেয়ে অ-নে-ক back
২৭ বছরের যুবক রাব্বী ও ৪০ বছর বয়সী বিকাশ চন্দ্র বছরের শুরুতে পুলিশি নির্যাতনের শিকার হন,২৭ বছরের যুবক রাব্বী ও ৪০ year বয়সী বিকাশ চন্দ্র বছরের শুরুতে পুলিশি নির্যাতনের শিকার হন
শপথ গ্রহণের দিন থেকে তাঁদের এ নিয়োগ কার্যকর হবে,শপথ গ্রহণের day থেকে তাঁদের এ নিয়োগ কার্যকর would
অস্ত্রোপচার করতে হবে,অস্ত্রোপচার করতে would
ত্রিদেশীয় সফরের প্রথমে জাপানে চার দিনের সফর শেষে সৌদি বাদশাহর আমন্ত্রণে ওআইসির ১৪তম শীর্ষ সম্মেলনে যোগ দিতে ৩১ মে শেখ হাসিনা সৌদি আরবে পৌঁছান,ত্রিদেশীয় সফরের প্রথমে জাপানে চার দিনের সফর শেষে সৌদি বাদশাহর আমন্ত্রণে ওআইসির ১৪তম top সম্মেলনে যোগ দিতে ৩১ মে শেখ হাসিনা সৌদি আরবে পৌঁছান
২০১৫ সালের ২৫ মার্চ এ স্বাস্থ্য কমপ্লেক্সে আনুষ্ঠানিকভাবে বৈকালিক চিকিৎসাসেবা কার্যক্রমের উদ্বোধন করা হয়,২০১৫ সালের ২৫ মার্চ এ health কমপ্লেক্সে আনুষ্ঠানিকভাবে বৈকালিক চিকিৎসাসেবা কার্যক্রমের উদ্বোধন করা হয়
"পানিবন্দী গ্রামগুলোতে দেখা দিয়েছে চর্মরোগ, ডায়রিয়ার মতো রোগের প্রকোপ","পানিবন্দী গ্রামগুলোতে see দিয়েছে চর্মরোগ, ডায়রিয়ার মতো রোগের প্রকোপ"
"আন্তর্জাতিক গণমাধ্যম যুক্তরাষ্ট্রের ওয়াল স্ট্রিট জার্নাল গত ৩ আগস্ট এক প্রতিবেদনে বলেছে, হরতাল বাংলাদেশের জন্য এক বিরাট সমস্যা","আন্তর্জাতিক গণমাধ্যম যুক্তরাষ্ট্রের ওয়াল স্ট্রিট জার্নাল গত ৩ আগস্ট one প্রতিবেদনে বলেছে, হরতাল বাংলাদেশের জন্য one বিরাট সমস্যা"
এ ব্যাপারে গত বৃহস্পতিবার ইয়াহিয়া কক্সবাজার সদর মডেল থানায় সাংসদ বদির বিরুদ্ধে একটি সাধারণ ডায়েরি  (জিডি) করেন,এ ব্যাপারে গত বৃহস্পতিবার ইয়াহিয়া কক্সবাজার সদর মডেল থানায় সাংসদ বদির বিরুদ্ধে একটি সাধারণ ডায়েরি (জিডি) করেন
দায়িত্ব নেওয়ার এক দিন পরই পালিয়ে যান,দায়িত্ব নেওয়ার one day পরই পালিয়ে যান
জাতীয়ভাবে দিবসটি পালিতও হচ্ছে মাত্র দুই বছর ধরে,জাতীয়ভাবে দিবসটি পালিতও হচ্ছে মাত্র two year ধরে
"দেশনেত্রী খালেদা জিয়া যখন সরকারের বিরুদ্ধে আন্দোলন-সংগ্রাম জোরদার করার চেষ্টা করছেন, তখন দলের ভাবমূর্তি নষ্ট ও দলে বিভাজন সৃষ্টির জন্য অগণতান্ত্রিকভাবে আমাদের কারণ দর্শানোর নোটিশ দেওয়া হয়েছে","দেশনেত্রী খালেদা জিয়া যখন সরকারের বিরুদ্ধে আন্দোলন-সংগ্রাম জোরদার করার চেষ্টা করছেন, তখন দলের ভাবমূর্তি নষ্ট ও দলে বিভাজন সৃষ্টির জন্য অগণতান্ত্রিকভাবে us কারণ দর্শানোর নোটিশ দেওয়া হয়েছে"
"পুলিশ জানায়, ওই দিন রাতে বাবু মোটরসাইকেল নিয়ে উল্লাপাড়া রেলওয়ে স্টেশন থেকে পৌর শহরের শ্যামলীপাড়া বাসস্ট্যান্ডে যাচ্ছিলেন","পুলিশ জানায়, ওই day রাতে বাবু মোটরসাইকেল নিয়ে উল্লাপাড়া রেলওয়ে স্টেশন থেকে পৌর শহরের শ্যামলীপাড়া বাসস্ট্যান্ডে যাচ্ছিলেন"
এর প্রথম ৪ সংখ্যা এজেন্সির নম্বর আর শেষ ৩ সংখ্যা হজযাত্রীর পরিচিতি নম্বর,এর first ৪ সংখ্যা এজেন্সির নম্বর আর শেষ ৩ সংখ্যা হজযাত্রীর পরিচিতি নম্বর
"১০ সেপ্টেম্বর চট্টগ্রাম ইঞ্জিনিয়ারিং ইনস্টিটিউটে অনুষ্ঠিত সেমিনারে উচ্চ ভোল্টেজের বিদ্যুৎ সঞ্চালন, পরিবহন ও নিয়ন্ত্রণের উপযোগী যন্ত্রপাতির ব্যবহার ও উপযোগিতা নিয়ে আলোচনা করা হয়","১০ সেপ্টেম্বর চট্টগ্রাম ইঞ্জিনিয়ারিং ইনস্টিটিউটে অনুষ্ঠিত সেমিনারে উচ্চ ভোল্টেজের বিদ্যুৎ সঞ্চালন, পরিবহন ও নিয়ন্ত্রণের উপযোগী যন্ত্রপাতির use ও উপযোগিতা নিয়ে আলোচনা করা হয়"
"সুমনের আত্মীয় আবদুর রব প্রথম আলোকে জানান, সকাল সাড়ে আটটার সময় তিনি আগুন লাগার খবরে পেয়ে দ্রুত সেই বাড়িতে যান","সুমনের আত্মীয় আবদুর রব first আলোকে জানান, সকাল সাড়ে আটটার সময় তিনি আগুন লাগার খবরে পেয়ে দ্রুত সেই বাড়িতে যান"
"গত শুক্রবার পেন্টাগনে এক নির্বাহী আদেশে ট্রাম্প সিরিয়া, ইরাক, ইরান, লিবিয়া, ইয়েমেন, সোমালিয়া ও সুদানের নাগরিক ও শরণার্থীদের ৯০ দিন পর্যন্ত যুক্তরাষ্ট্রে প্রবেশে নিষেধাজ্ঞা জারি করেন","গত শুক্রবার পেন্টাগনে one নির্বাহী আদেশে ট্রাম্প সিরিয়া, ইরাক, ইরান, লিবিয়া, ইয়েমেন, সোমালিয়া ও সুদানের নাগরিক ও শরণার্থীদের ৯০ day পর্যন্ত যুক্তরাষ্ট্রে প্রবেশে নিষেধাজ্ঞা জারি করেন"
আটক ব্যক্তিদের জেলা প্রশাসনের নির্বাহী ম্যাজিস্ট্রেট রুম্পা ঘোষের ভ্রাম্যমাণ আদালতে হাজির করা হলে বিচারক তাঁদের মধ্যে ২৬ জনকে ১৫ দিন করে কারাদণ্ড দেন,আটক ব্যক্তিদের জেলা প্রশাসনের নির্বাহী ম্যাজিস্ট্রেট রুম্পা ঘোষের ভ্রাম্যমাণ আদালতে হাজির করা হলে বিচারক তাঁদের মধ্যে ২৬ জনকে ১৫ day করে কারাদণ্ড দেন
জোটের কর্মসূচিতে বাধা দিতে প্রশাসন তথা আইনশৃঙ্খলা রক্ষাকারী বাহিনীকেও ব্যবহার করা হচ্ছে,জোটের কর্মসূচিতে বাধা দিতে প্রশাসন তথা আইনশৃঙ্খলা রক্ষাকারী বাহিনীকেও use করা হচ্ছে
এটা একটা নতুন সমস্যা,এটা একটা new সমস্যা
আপনারা (বিএনপি) নির্বাচনের মাঠে আমাদের সঙ্গে খেলতে আসুন,আপনারা (বিএনপি) নির্বাচনের মাঠে us সঙ্গে খেলতে আসুন
"সম্প্রতি সরেজমিনে খোঁজ নিয়ে জানা গেছে, সদর উপজেলার চালিতাতলী থেকে সোনাতলা পর্যন্ত পায়রা নদীর দুই পাড়ে প্রায় ৩০ কিলোমিটার এলাকা, তালতলী থেকে তেঁতুলবাড়িয়া হয়ে বঙ্গোপসাগরের মোহনা পর্যন্ত প্রায় ৫০ কিলোমিটার এলাকা, বরইতলা থেকে নলী ও নিশানবাড়িয়া হয়ে সোনাতলা মোহনা পর্যন্ত প্রায় ৬০ কিলোমিটার এবং বলেশ্বর নদের মোহনা থেকে পশ্চিমে চরদুয়ানি পর্যন্ত প্রায় ৪০ কিলোমিটার এলাকার বিভিন্ন স্থানে কয়েক হাজার জাল দিয়ে প্রতিদিন নির্বিচারে পোনা নিধন করা হচ্ছে","সম্প্রতি সরেজমিনে খোঁজ নিয়ে জানা গেছে, সদর উপজেলার চালিতাতলী থেকে সোনাতলা পর্যন্ত পায়রা নদীর two পাড়ে প্রায় ৩০ কিলোমিটার এলাকা, তালতলী থেকে তেঁতুলবাড়িয়া হয়ে বঙ্গোপসাগরের মোহনা পর্যন্ত প্রায় ৫০ কিলোমিটার এলাকা, বরইতলা থেকে নলী ও নিশানবাড়িয়া হয়ে সোনাতলা মোহনা পর্যন্ত প্রায় ৬০ কিলোমিটার এবং বলেশ্বর নদের মোহনা থেকে পশ্চিমে চরদুয়ানি পর্যন্ত প্রায় ৪০ কিলোমিটার এলাকার বিভিন্ন স্থানে কয়েক হাজার জাল দিয়ে প্রতিদিন নির্বিচারে পোনা নিধন করা হচ্ছে"
স্টল ও প্যাভিলিয়ন: সরকারের সাতটি স্টল ও একটি প্যাভিলিয়নে বিভিন্ন মন্ত্রণালয়ের সেবা দেখানো হবে,স্টল ও প্যাভিলিয়ন: সরকারের সাতটি স্টল ও একটি প্যাভিলিয়নে বিভিন্ন মন্ত্রণালয়ের service দেখানো would
উত্তর মেরু অঞ্চলে সাধারণত দেখতে পাওয়া যায় এমন আলোকচ্ছটা (অরোরা) পর্যবেক্ষণকারীরা রাতের আকাশে একটি নতুন ধরনের আলোকচ্ছটা দেখতে পেয়েছেন,উত্তর মেরু অঞ্চলে সাধারণত দেখতে পাওয়া যায় এমন আলোকচ্ছটা (অরোরা) পর্যবেক্ষণকারীরা রাতের আকাশে একটি new ধরনের আলোকচ্ছটা দেখতে পেয়েছেন
হোলির হাজার বছর পুরোনো রং উৎসবে পানির অপচয় নিয়ে প্রশ্ন তুলে দিয়া নিজেই এখন প্রশ্নের মুখে,হোলির হাজার year পুরোনো রং উৎসবে পানির অপচয় নিয়ে প্রশ্ন তুলে দিয়া নিজেই এখন প্রশ্নের মুখে
"চলতি অর্থবছরের (২০১৪-১৫) সাত মাসের (জুলাই- জানুয়ারি) তথ্য পর্যালোচনা করে দেখা গেছে, সাত মাসের মধ্যে ঢাকার বাজারে গত মাসেই দ্বিতীয় সর্বোচ্চ প্রকৃত বিদেশি বিনিয়োগ এসেছে","চলতি অর্থবছরের (২০১৪-১৫) সাত মাসের (জুলাই- জানুয়ারি) information পর্যালোচনা করে see গেছে, সাত মাসের মধ্যে ঢাকার বাজারে গত মাসেই দ্বিতীয় সর্বোচ্চ প্রকৃত বিদেশি বিনিয়োগ এসেছে"
ছবি দেখা তো উপলক্ষমাত্র,ছবি see তো উপলক্ষমাত্র
