english,count,bangla
include,182579275,ইনক্লুড
college,182545426,কলেজ
value,182061247,ভ্যালু
article,181969355,আর্টিকেল
york,181556155,ইয়র্ক
man,181445531,ম্যান
card,181387042,কার্ড
jobs,181075605,জবস
provide,181040994,প্রভিডে
j,180739802,যে
food,180144029,ফুড
source,179963886,সোর্স
author,179813446,অথর
different,179794224,ডিফারেন্ট
press,179652730,প্রেস
u,179615587,ও
learn,179428286,লেয়ারন
sale,179224570,সালে
around,178810033,অ্যারাউন্ড
print,178250872,প্রিন্ট
course,177976652,কোর্স
job,177706929,জব
canada,177153952,কানাডা
process,176829177,প্রসেস
teen,176301486,তিন
room,176299905,রুম
stock,176295589,স্টক
training,176129154,ট্রেনিং
credit,175916536,ক্রেডিট
point,175527859,পয়েন্ট
join,174297802,যৌন
science,174232809,সাইন্স
men,174058407,মেন্
categories,173839008,ক্যাটেগরীজ
advanced,173422161,অ্যাডভান্সড
west,173346868,ওয়েস্ট
sales,173244220,সেলস
look,173043002,লুক
english,172371546,ইংলিশ
left,171752631,লেফট
team,171687825,টীম
estate,169256248,এস্টেট
box,169231297,বাক্স
conditions,168957006,কন্ডিশনস
select,168673045,সিলেক্ট
windows,168532149,উইন্ডোস
photos,167827453,ফটোস
gay,167587791,গে
thread,167518537,থ্রেড
week,167202060,মেয়েকে
category,166811948,ক্যাটাগরি
note,166657334,নোট
live,166005029,লাইভ
large,165863763,লার্জ
gallery,165671626,গ্যালারি
table,165341452,টেবিল
register,164834442,রেজিস্টার
however,163957176,হয়েভের
june,163951797,জুন
october,163363054,অক্টোবর
november,163308383,নভেম্বর
market,162390150,মার্কেট
library,162076395,লাইব্রেরি
really,162033390,রিয়েলি
action,162023431,অ্যাকশন
start,161913408,স্টার্ট
series,161518557,সিরিজ
model,161205740,মডেল
features,160961088,ফিচারস
air,160850401,এয়ার
industry,160812623,ইন্ডাস্ট্রি
plan,160746244,প্ল্যান
human,160573748,হিউমান
provided,159785849,প্রভিডেড
tv,159603914,টিভি
yes,159595214,বেশ
required,159478972,রিকুইরিড
second,159343399,সেকেন্ড
hot,159287179,হট
accessories,158982297,একসেসোরিজ
cost,158887256,কস্ট
movie,158421100,মুভি
forums,158410645,ফরুমস
march,158281269,মার্চ
la,157960401,লা
september,157182255,সেপ্টেম্বর
better,157079378,বেটার
say,156845267,সে
questions,156703712,কস্টিংস
july,156667525,জুলাই
yahoo,155733641,ইয়াহু
going,155284081,গোয়িং
medical,155254497,মেডিকেল
test,154999587,টেস্ট
friend,154527125,ফ্রেন্ড
come,154326119,কমে
dec,154301106,ডেকে
server,153788544,সার্ভার
pc,153460135,পিসি
study,152978354,স্টাডি
