english,bangla,count,count_millions
new,নিউ,1551258643,1551
home,হোম,1276852170,1276
page,পেজ,1082121730,1082
search,সার্চ,1024093118,1024
free,ফ্রি,1014107316,1014
one,ওয়ান,993536631,993
information,ইনফরমেশন,932594387,932
time,টাইম,908705570,908
site,সাইট,844310242,844
may,মে,827822032,827
news,নিউস,755424983,755
use,উসে,719980257,719
see,সেই,681410380,681
contact,কন্টাক্ট,645824184,645
business,বিসনেস,637134177,637
web,ওয়েব,619571575,619
also,অল্সো,616829742,616
help,হেল্প,611054034,611
get,গেট,605984508,605
pm,পাম,604577485,604
view,ভিউ,602279334,602
online,অনলাইন,601317059,601
first,ফার্স্ট,578161543,578
would,বৌল্ড,572644147,572
services,সার্ভিসেস,562206804,562
click,ক্লিক,536746424,536
like,লাইক,520585287,520
service,সার্ভিস,519537222,519
x,এক্স,508609523,508
find,ফাইন্ড,502043038,502
price,প্রাইস,501651226,501
date,ডেট,488967374,488
back,ব্যাক,488024109,488
top,টপ,484213771,484
people,পিপল,480303376,480
list,লিস্ট,472590641,472
name,নাম,464532702,464
state,স্টেট,453104133,453
year,যার,451092583,451
day,ডে,446236148,446
email,ইমেইল,443949646,443
two,২টি,441398439,441
health,হেলথ,440416431,440
world,ওয়ার্ল্ড,431934249,431
next,নেক্সট,425903347,425
used,উজাড়,421438139,421
go,গো,421086358,421
b,বা,419765694,419
work,ওয়ার্ক,419483948,419
last,লাস্ট,417601616,417
products,প্রোডাক্টস,414377632,414
music,মাসিক,414028837,414
buy,বুয়া,410780176,410
data,ডাটা,406908328,406
make,মেক,405084642,405
product,প্রোডাক্ট,399116355,399
system,সিস্টেম,396975018,396
post,পোস্ট,392956436,392
city,সিটি,390564835,390
add,অ্যাড,387231739,387
policy,পলিসি,384401868,384
number,নম্বর,383787805,383
please,প্লিজ,380046348,380
available,অভায়লাবলে,379644437,379
copyright,কপিরাইট,373906735,373
support,সাপোর্ট,373512569,373
message,মেসেজ,373081242,373
best,বেস্ট,371852748,371
software,সফটওয়্যার,370517038,370
jan,যান,366436194,366
good,গুড,365796396,365
video,ভিডিও,365410017,365
well,ভাল,362082755,362
info,ইনফো,352363058,352
rights,রাইটস,352051342,352
public,পাবলিক,349286123,349
books,বুকস,347710184,347
high,হাই,345413157,345
school,স্কুল,343057316,343
links,লিংকস,339926541,339
review,রিভিউ,339067778,339
years,ইয়ার্স,337841309,337
order,অর্ডার,336631187,336
privacy,প্রাইভেসী,333272427,333
book,বুক,330959949,330
items,ইটেমস,330505325,330
company,কোম্পানি,324272258,324
read,রিড,322331766,322
group,গ্রুপ,321842984,321
sex,সেক্স,320105999,320
need,নিড,319376932,319
many,মেনি,318966441,318
user,ইউসার,316446229,316
said,সেড,315595259,315
de,দে,314593284,314
set,সেট,313469591,313
general,জেনারেল,311757793,311
research,রিসার্চ,311538382,311
university,ইউনিভার্সিটি,311373936,311
january,জানুয়ারী,310345867,310
mail,মেইল,310337185,310
full,ফুল,309929179,309
map,ম্যাপ,309676581,309
reviews,রেভিউস,307684103,307
program,প্রোগ্রাম,306686983,306
life,লাইফ,306559205,306
know,কনো,306100813,306
games,গেমস,305930896,305
way,ওয়ে,305515604,305
days,দেশ,305147791,305
management,ম্যানেজমেন্ট,304201237,304
p,পি,303249898,303
part,পার্ট,302729303,302
could,কোল্ড,302311431,302
great,গ্রেট,301487430,301
united,ইউনাইটেড,299280163,299
hotel,হোটেল,297974790,297
real,রিয়েল,297674493,297
item,আইটেম,296534935,296
international,ইন্টারন্যাশনাল,295639201,295
center,সেন্টার,294319118,294
ebay,এবার,293178760,293
must,মোস্ট,292774716,292
store,স্টোরে,291308910,291
travel,ট্রাভেল,287719294,287
comments,কমেন্টস,287558448,287
made,মেড,287353021,287
development,ডেভেলপমেন্ট,286291411,286
report,রিপোর্ট,286237372,286
member,মেম্বার,283858893,283
details,ডিটেলস,280827841,280
line,লাইন,280009597,280
terms,টার্মস,277705910,277
hotels,হোটেলস,275510917,275
send,সেন্ড,274103587,274
right,রাইট,273620358,273
type,টাইপ,272336859,272
local,লোকাল,270742935,270
using,উসিং,269448880,269
results,রেজাল্টস,268180843,268
office,অফিস,266789622,266
education,এডুকেশন,266738068,266
national,ন্যাশনাল,266376620,266
car,চার্,264720374,264
design,ডিসাইন,264448339,264
take,তাকে,264349801,264
posted,পোস্টেড্,263851272,263
internet,ইন্টারনেট,263777245,263
address,এড্রেস,261872866,261
community,কমিউনিটি,261839117,261
within,উইথিং,261390908,261
states,স্টেটস,260937015,260
area,এরিয়া,259871557,259
want,ওয়ান্ট,258690345,258
phone,ফোন,256643812,256
dvd,ডিভিডি,256530337,256
shipping,শিপিং,256521328,256
reserved,রেসেরভেদ,256443074,256
subject,সাবজেক্ট,256217838,256
forum,ফোরাম,254478181,254
family,ফ্যামিলি,254164055,254
long,লং,252519588,252
based,বেসড,252405204,252
code,কোড,250245121,250
show,শো,247541986,247
even,ইভেন,245697701,245
black,ব্ল্যাক,244690155,244
check,চেক,244491090,244
special,স্পেশাল,244311841,244
prices,প্রিসিশ,243435728,243
website,ওয়েবসাইট,242876222,242
index,ইনডেক্স,242826246,242
women,ওমেন,242520455,242
much,মাচ,242326300,242
sign,সিগণ,242290578,242
file,ফাইল,241864251,241
link,লিংক,240402653,240
open,ওপেন,239670331,239
today,টুডে,239271204,239
technology,টেকনোলজি,238674296,238
south,সাউথ,238581133,238
case,কেস,235563000,235
project,প্রজেক্ট,235262594,235
pages,পেজেস,234001114,234
uk,উঃ,232749142,232
version,ভার্সন,232445953,232
section,সেকশন,232251956,232
found,ফাউন্ড,232005894,232
sports,স্পোর্টস,231864260,231
house,হাউস,231310420,231
related,রিলেটেড,231127472,231
security,সিকিউরিটি,230014019,230
county,কাউন্টি,227567373,227
american,মার্কিন,227534978,227
photo,ফটো,227125249,227
game,গেম,227111505,227
members,মেম্বার্স,226656153,226
power,পাওয়ার,226596368,226
care,কেয়ার,225326739,225
network,নেটওয়ার্ক,225218991,225
computer,কম্পিউটার,224177047,224
systems,সিস্টেমস,223555915,223
three,ত্রি,223417394,223
total,টোটাল,222649459,222
place,প্লেস,220970235,220
end,এন্ড,220812328,220
following,ফল্লওইং,220709925,220
download,ডাউনলোড,220626128,220
without,ব্যতীত,219190105,219
per,পের্,218945655,218
access,এক্সেস,217986984,217
think,থিঙ্ক,217856550,217
north,নর্থ,217809513,217
resources,রিসোর্সেস,217268632,217
current,কারেন্ট,216987137,216
posts,পোস্টস,216822128,216
big,বিগ,216690546,216
media,মিডিয়া,216432510,216
control,কন্ট্রোল,215560453,215
water,ওয়াটার,215178488,215
history,হিস্ট্রি,215000515,215
pictures,পিকচার্স,214997918,214
size,সাইজও,214844153,214
art,আর্ট,214702696,214
personal,পার্সোনাল,214671907,214
since,সিন্স,214302926,214
including,ইনক্লুডিং,214195457,214
guide,গাইড,213378807,213
shop,শপ,212793848,212
directory,ডিরেক্টরি,212478717,212
board,বোর্ড,212361059,212
location,লোকেশন,211243333,211
change,চেঞ্জ,210601244,210
white,ওহীতে,209863729,209
text,টেক্সট,208780080,208
small,স্মল,208371878,208
rating,রেটিং,207858692,207
rate,রাতে,207634179,207
government,গভর্নমেন্ট,206582673,206
children,চিলড্রেন,206538107,206
usa,উস,206211773,206
return,রিটার্ন,205629763,205
students,স্টুডেন্টস,204801202,204
v,ভি,204486977,204
shopping,শপিং,204104275,204
account,একাউন্ট,203611349,203
times,টাইমস,202950880,202
sites,সিতেশ,202755734,202
level,লেভেল,202563642,202
digital,ডিজিটাল,202346767,202
profile,প্রোফাইল,201854745,201
previous,প্রিভিউস,201692678,201
form,ফর্ম,201395192,201
events,ইভেন্টস,201235454,201
love,লোভে,201063526,201
old,ওল্ড,199694226,199
main,মাইন্,199616754,199
call,কল,199608869,199
hours,আওয়ার্স,198242904,198
image,ইমেজ,197874283,197
department,ডিপার্টমেন্ট,197293325,197
title,টাইটেল,196676017,196
description,ডেসক্রিপশন,196301245,196
non,নন,196109547,196
insurance,ইন্সুরেন্স,193271293,193
another,অনাথের,192535750,192
shall,শ্যাল,191963867,191
property,প্রপার্টি,191783393,191
class,ক্লাস,191087771,191
cd,সিডি,190859046,190
still,ষ্টীল,190433487,190
money,মানি,190205072,190
quality,কোয়ালিটি,189509533,189
every,এভরি,189325890,189
listing,লিস্টিং,188985252,188
content,কনটেন্ট,188880495,188
country,কান্ট্রি,188691168,188
private,প্রাইভেট,187885878,187
little,লিটল,187142519,187
visit,ভিসিট,187062316,187
save,সেভ,186091095,186
tools,টুলস,185555874,185
low,লো,184815478,184
reply,রেপ্লি,184777992,184
customer,কাস্টমার,184406888,184
december,ডিসেম্বর,183237239,183
compare,কম্পারে,183202885,183
movies,মুভিস,182739567,182
include,ইনক্লুড,182579275,182
college,কলেজ,182545426,182
value,ভ্যালু,182061247,182
article,আর্টিকেল,181969355,181
york,ইয়র্ক,181556155,181
man,ম্যান,181445531,181
card,কার্ড,181387042,181
jobs,জবস,181075605,181
provide,প্রভিডে,181040994,181
j,যে,180739802,180
food,ফুড,180144029,180
source,সোর্স,179963886,179
author,অথর,179813446,179
different,ডিফারেন্ট,179794224,179
press,প্রেস,179652730,179
learn,লেয়ারন,179428286,179
sale,সালে,179224570,179
around,অ্যারাউন্ড,178810033,178
print,প্রিন্ট,178250872,178
course,কোর্স,177976652,177
job,জব,177706929,177
canada,কানাডা,177153952,177
process,প্রসেস,176829177,176
teen,তিন,176301486,176
room,রুম,176299905,176
stock,স্টক,176295589,176
training,ট্রেনিং,176129154,176
credit,ক্রেডিট,175916536,175
point,পয়েন্ট,175527859,175
join,যৌন,174297802,174
science,সাইন্স,174232809,174
men,মেন্,174058407,174
categories,ক্যাটেগরীজ,173839008,173
advanced,অ্যাডভান্সড,173422161,173
west,ওয়েস্ট,173346868,173
sales,সেলস,173244220,173
look,লুক,173043002,173
english,ইংলিশ,172371546,172
left,লেফট,171752631,171
team,টীম,171687825,171
estate,এস্টেট,169256248,169
box,বাক্স,169231297,169
conditions,কন্ডিশনস,168957006,168
select,সিলেক্ট,168673045,168
windows,উইন্ডোস,168532149,168
photos,ফটোস,167827453,167
gay,গে,167587791,167
thread,থ্রেড,167518537,167
week,মেয়েকে,167202060,167
category,ক্যাটাগরি,166811948,166
note,নোট,166657334,166
live,লাইভ,166005029,166
large,লার্জ,165863763,165
gallery,গ্যালারি,165671626,165
table,টেবিল,165341452,165
register,রেজিস্টার,164834442,164
however,হয়েভের,163957176,163
june,জুন,163951797,163
october,অক্টোবর,163363054,163
november,নভেম্বর,163308383,163
market,মার্কেট,162390150,162
library,লাইব্রেরি,162076395,162
really,রিয়েলি,162033390,162
action,অ্যাকশন,162023431,162
start,স্টার্ট,161913408,161
series,সিরিজ,161518557,161
model,মডেল,161205740,161
features,ফিচারস,160961088,160
air,এয়ার,160850401,160
industry,ইন্ডাস্ট্রি,160812623,160
plan,প্ল্যান,160746244,160
human,হিউমান,160573748,160
provided,প্রভিডেড,159785849,159
tv,টিভি,159603914,159
yes,বেশ,159595214,159
required,রিকুইরিড,159478972,159
second,সেকেন্ড,159343399,159
hot,হট,159287179,159
accessories,একসেসোরিজ,158982297,158
cost,কস্ট,158887256,158
movie,মুভি,158421100,158
forums,ফরুমস,158410645,158
march,মার্চ,158281269,158
la,লা,157960401,157
september,সেপ্টেম্বর,157182255,157
better,বেটার,157079378,157
questions,কস্টিংস,156703712,156
july,জুলাই,156667525,156
yahoo,ইয়াহু,155733641,155
going,গোয়িং,155284081,155
medical,মেডিকেল,155254497,155
test,টেস্ট,154999587,154
friend,ফ্রেন্ড,154527125,154
come,কমে,154326119,154
dec,ডেকে,154301106,154
server,সার্ভার,153788544,153
pc,পিসি,153460135,153
study,স্টাডি,152978354,152
application,এপ্লিকেশন,152776595,152
cart,কোর্ট,152155277,152
staff,স্টাফ,151553180,151
articles,আর্টিকলেস,151531225,151
san,সান,151350397,151
feedback,ফিডব্যাক,151008079,151
play,প্লে,150748333,150
looking,লুকিং,150610176,150
issues,ইস্যুস,150106274,150
april,এপ্রিল,149976767,149
never,নেভার,149556758,149
users,উজার্স,149320234,149
complete,কমপ্লিট,149312237,149
street,স্ট্রিট,149130754,149
topic,টপিক,149001702,149
comment,কমেন্ট,148628729,148
financial,ফিনান্সিয়াল,148330257,148
things,থিংস,147969893,147
working,ওয়ার্কিং,147675944,147
standard,স্ট্যান্ডার্ড,147177212,147
tax,ট্যাক্স,146906651,146
person,পারসন,146749448,146
mobile,মোবাইল,145490029,145
less,লেস,145430147,145
blog,ব্লগ,145041426,145
party,পার্টি,144707500,144
payment,পেমেন্ট,144646164,144
equipment,ইকুইপমেন্ট,144298238,144
login,লগইন,144200144,144
student,স্টুডেন্ট,143590165,143
let,লেট্,143062438,143
programs,প্রোগ্রামস,142498232,142
offers,অফারস,142087909,142
legal,লিগাল,142048771,142
recent,রিসেন্ট,141765729,141
park,পার্ক,141548802,141
stores,স্টোরেজ,141210433,141
side,সাইড,141155373,141
act,একট,141076205,141
problem,প্রব্লেম,141012024,141
red,রেড,140799532,140
give,জিভে,140688602,140
memory,মেমরি,140479833,140
performance,পারফরমেন্স,139710600,139
social,সোশ্যাল,139566375,139
august,অগাস্ট,139459917,139
quote,কুয়োতে,139242226,139
language,ল্যাঙ্গুয়েজে,138517992,138
story,স্টোরি,138433809,138
sell,সেল,137696613,137
options,অপশনস,137679195,137
experience,এক্সপেরিয়েন্স,137134662,137
rates,রেটস,137089538,137
create,ক্রিটে,137071122,137
key,কীয়,136862835,136
body,বডি,136560842,136
young,ইয়ং,136341684,136
america,আমেরিকা,136214727,136
important,ইম্পরট্যান্ট,136103455,136
field,ফিল্ড,135289140,135
east,ইস্ট,135037085,135
paper,পেপার,134939426,134
single,সিঙ্গেল,134754203,134
activities,একটিভিটিস,132685190,132
club,ক্লাব,132428495,132
example,এক্সাম্পল,132369252,132
girls,গার্লস,132325396,132
additional,আড্ডিশনাল,132187702,132
password,পাসওয়ার্ড,132141721,132
latest,লেটেস্ট,131952173,131
something,সামথিং,131836210,131
road,রোড,131800620,131
gift,গিফট,131417909,131
question,কস্টিং,130644510,130
changes,চেঞ্জেস,130570251,130
night,নিঘ্ত,130531484,130
ca,কে,130326009,130
hard,হার্ড,130054708,130
texas,টেক্সাস,129399241,129
oct,অক্ট,129301730,129
pay,পে,129198530,129
four,ফোর,129167110,129
poker,পকের,129054826,129
status,স্টেটাস,128994593,128
browse,ব্রাউস,128740445,128
issue,ইসু,128427156,128
range,রেঞ্জ,128314924,128
building,বিল্ডিং,128251365,128
seller,সেলার,127768853,127
court,কোর্ট,127719981,127
february,ফেব্রুয়ারী,127704851,127
always,অলওয়েজ,127634767,127
result,রেজাল্ট,127425045,127
audio,অডিও,127014703,127
light,লাইট,126699632,126
write,উড়িতে,126645151,126
war,ওয়ার,126517399,126
nov,নব,126461152,126
offer,অফার,126228968,126
blue,ব্লু,126160941,126
groups,গ্রুপস,125814267,125
al,আল,125787543,125
easy,আয়েশী,125548527,125
given,গিভেন,125542966,125
files,ফাইলস,125524478,125
event,ইভেন্ট,125515260,125
release,রিলিজ,125340846,125
analysis,এনালাইসিস,124949540,124
request,রিকোয়েস্ট,124620318,124
fax,ফ্যাক্স,124500817,124
china,চীন,124472054,124
making,মেকিং,124198695,124
picture,পিকচার,124116581,124
needs,নীডস,123595776,123
possible,পসিবলে,123311561,123
might,মাইট,123196001,123
professional,প্রফেশনাল,123162607,123
yet,যেত,123160529,123
month,মন্থ,123027963,123
major,মেজর,122592252,122
star,ষ্টার,122498186,122
areas,আরএস,121986327,121
future,ফিউচার,121844371,121
space,স্পেস,121505269,121
committee,কমিটি,121345834,121
hand,হ্যান্ড,121296661,121
sun,সুন্,121218500,121
cards,কার্ডস,121094522,121
problems,প্রব্লেমস,121087620,121
london,লন্ডন,121079315,121
washington,ওয়াশিংটন,120978063,120
meeting,মিটিং,120814306,120
rss,আরএসএস,120548796,120
become,বেঁকে,120495036,120
interest,ইন্টারেস্ট,120272948,120
id,ঈদ,119974321,119
child,চাইল্ড,119747393,119
keep,কীপ,119602514,119
enter,এন্টার,119394206,119
california,ক্যালিফর্নিয়া,119376975,119
porn,পর্ন,119294962,119
share,শেয়ার,119294241,119
similar,সিমিলার,119150817,119
garden,গার্ডেন,119014988,119
schools,স্কুলস,118978625,118
million,মিলিয়ন,118818608,118
added,এডেড,118410414,118
reference,রেফারেন্স,118127636,118
companies,কোম্পানিজ,118106080,118
listed,লিস্টেড,117951402,117
baby,বেবি,117696064,117
learning,লার্নিং,117672845,117
energy,এনার্জি,117451031,117
run,রান,117213565,117
delivery,ডেলিভারি,117119498,117
net,নেট,116883588,116
popular,পপুলার,116495721,116
term,টার্ম,116282824,116
film,ফিল্ম,116097842,116
stories,স্টোরিজ,115504667,115
put,পুৎ,115205090,115
computers,কমপিউটারস,115168234,115
journal,জার্নাল,114532201,114
reports,রিপোর্টস,114515959,114
co,কে,114452742,114
try,ট্রি,114384208,114
welcome,ওয়েলকাম,114025350,114
central,সেন্ট্রাল,113841948,113
images,ইমাজেস,113788074,113
president,প্রেসিডেন্ট,113756376,113
notice,নোটিশ,113691786,113
god,গড,113624357,113
original,অরিজিনাল,113453183,113
head,হেড,113316224,113
radio,রেডিও,113285624,113
cell,সেল,113067567,113
color,কালার,112965658,112
self,সেলফ,112902176,112
council,কাউন্সিল,112893718,112
away,যাওয়ায়,112837472,112
includes,ইনক্লুড,112466751,112
track,ট্র্যাক,112385243,112
australia,অস্ট্রেলিয়া,112197265,112
discussion,ডিসকাশন,111973466,111
archive,আর্কাইভ,111971865,111
others,ওঠেরস,111397714,111
entertainment,এন্টারটেইনমেন্ট,111394818,111
agreement,এগ্রিমেন্ট,111356320,111
format,ফরমেট,111279626,111
least,লিস্ট,111229798,111
society,সোসাইটি,111199035,111
months,মাস,111192257,111
log,লগ,111170350,111
safety,সেফটি,111064464,111
friends,ফ্রেন্ডস,110732827,110
sure,শুরে,110528740,110
faq,ফাক,110323671,110
trade,ট্রেড,110086585,110
edition,এডিশন,110051463,110
cars,কারস,109717836,109
messages,মেসেজেস,109697600,109
marketing,মার্কেটিং,109596213,109
tell,তেল,109553730,109
updated,আপডেটেড,109504766,109
association,এসোসিয়েশন,109416386,109
able,অবলে,109389038,109
provides,প্রভিডেস,109213691,109
david,ডেভিড,109067044,109
fun,ফুঁ,108389630,108
already,অলরেডি,108324565,108
green,গ্রীন,108287905,108
studies,স্টাডিস,108024858,108
close,ক্লোসে,107853068,107
common,কমন,107839275,107
drive,ড্রাইভ,107799371,107
specific,স্পেসিফিক,107785779,107
several,সেভেরাল,107589584,107
gold,গোল্ড,107497778,107
feb,ফেব,107483376,107
living,লিভিং,107215961,107
sep,সেপ,107145206,107
collection,কালেকশন,107121885,107
called,কাল্লেদ,106978150,106
short,শর্ট,106755242,106
arts,আর্টস,106466033,106
ask,আস্ক,106400213,106
display,ডিসপ্লে,106342539,106
limited,লিমিটেড,106154969,106
powered,পয়ারেদ,106119933,106
solutions,সলিউশনস,106103720,106
director,ডিরেক্টর,105891641,105
daily,ডেইলি,105837757,105
beach,বিচ,105642682,105
past,পেস্ট,105625616,105
natural,ন্যাচারাল,105101771,105
electronics,ইলেকট্রনিক্স,104230315,104
five,ফাইভ,104165769,104
period,পিরিয়ড,103906182,103
planning,প্ল্যানিং,103878661,103
database,ডাটাবেস,103731642,103
says,শেষ,103697915,103
official,অফিসিয়াল,103521037,103
weather,মেয়াদের,103331913,103
mar,মার্,103203080,103
land,ল্যান্ড,103132933,103
average,অ্যাভারেজ,102837602,102
done,দোনে,102812628,102
technical,টেকনিকাল,102792861,102
window,উইন্ডো,102711715,102
france,ফ্রান্স,102698139,102
pro,প্রো,102580860,102
region,রিজিওন,102552342,102
island,আইল্যান্ড,102316998,102
record,রেকর্ড,102234743,102
direct,ডাইরেক্ট,102234090,102
microsoft,মাইক্রোসফট,102159580,102
conference,কনফারেন্স,101987691,101
environment,এনভায়রনমেন্ট,101959294,101
records,রেকর্ডস,101771329,101
st,সৎ,101338951,101
district,ডিস্ট্রিক্ট,101325723,101
calendar,ক্যালেন্ডার,101303808,101
costs,কোস্টস,101090970,101
style,স্টাইল,101024266,101
url,ইউআরএল,100907064,100
front,ফ্রন্ট,100886343,100
statement,স্টেটমেন্ট,100868970,100
update,আপডেট,100765188,100
parts,পার্টস,100637505,100
aug,যৌগ,100502612,100
ever,এভার,100264634,100
downloads,ডাউনলোডস,100237452,100
early,আর্লি,100013194,100
miles,মাইলস,100012522,100
sound,সাউন্ড,100010833,100
resource,রিসোর্সে,99964083,99
present,প্রেসেন্ট,99420744,99
applications,অ্যাপ্লিকেশনস,99324182,99
document,ডকুমেন্ট,98703772,98
word,ওয়ার্ড,98671341,98
works,ওয়ার্কস,98581698,98
material,মেটেরিয়াল,98528318,98
bill,বিল,98494166,98
written,বৃত্তেন,98056850,98
talk,টক্,97850837,97
federal,ফেডারেল,97837595,97
hosting,হোস্টিং,97747750,97
rules,রুলস,97658641,97
final,ফাইনাল,97649084,97
adult,অ্যাডাল্ট,97583096,97
tickets,টিকিটস,97561755,97
thing,থিং,97451660,97
centre,সেন্টারে,97258243,97
requirements,রিকুইরেমেন্টস,97233632,97
via,বিয়া,97167128,97
cheap,চিপ,97049762,97
nude,নুডে,96733793,96
kids,কিডস,96602880,96
finance,ফিনান্স,96554164,96
true,ট্রু,96269550,96
minutes,মিনিটস,96242209,96
else,এলসি,96020036,96
mark,মার্ক,95606752,95
third,থার্ড,95489240,95
rock,রক,95488543,95
gifts,গিফটস,95412416,95
europe,ইউরোপ,95373445,95
reading,রিডিং,95289449,95
topics,টপিকস,95132338,95
bad,ব্যাড,95096787,95
individual,ইন্ডিভিজুয়াল,94815082,94
tips,টিপস,94800899,94
plus,প্লাস,94730251,94
auto,অটো,94700371,94
cover,কভার,94501729,94
usually,উসূলই,94477370,94
edit,এডিট,94159529,94
together,তোগেথের,94113765,94
videos,ভিডিওস,94069113,94
percent,পার্সেন্ট,94036312,94
fast,ফাস্ট,93941472,93
function,ফাঙ্কশন,93878887,93
fact,ফ্যাক্ট,93807963,93
unit,ইউনিট,93714361,93
getting,গেটিং,93483319,93
global,গ্লোবাল,93450595,93
tech,টেক,93401669,93
meet,মেয়েটি,93275872,93
far,ফার,93061804,93
economic,ইকোনমিক,93044306,93
en,যেন,92803600,92
player,প্লেয়ার,92709785,92
projects,প্রজেক্টস,92603476,92
lyrics,লিরিক,92579731,92
often,অফটন,92551460,92
subscribe,সাবস্ক্রাইব,92456246,92
submit,সাবমিট,92431559,92
germany,জার্মানি,92151641,92
amount,এমাউন্ট,92039679,92
watch,ওয়াচ,92006970,92
included,ইনক্লুডেড,92002729,92
feel,ফীল,91924001,91
though,দো,91905891,91
bank,ব্যাঙ্ক,91559349,91
risk,রিস্ক,91486135,91
thanks,থাঙ্কস,91398411,91
everything,এভরিথিং,91388083,91
deals,দেয়ালস,91189968,91
various,ভারিয়াস,91156139,91
words,বোর্ডস,90910143,90
linux,লিনাক্স,90854231,90
jul,জুল,90810423,90
production,প্রোডাকশন,90612739,90
commercial,কমার্শিয়াল,90554932,90
james,জেমস,90535679,90
weight,বেইত,90506560,90
town,টাউন,90478880,90
heart,হার্ট,90249265,90
advertising,এডভার্টাইসিং,90210309,90
received,রেসিভড,90037485,90
choose,চুষে,90010174,90
treatment,ট্রিটমেন্ট,90001988,90
newsletter,নিউজলেটার,89828494,89
archives,আর্কাইভস,89826560,89
points,পয়েন্টস,89780234,89
knowledge,নলেজ,89749339,89
magazine,ম্যাগাজিনে,89744012,89
error,এরর,89396475,89
camera,ক্যামেরা,89324930,89
jun,জুন,89154690,89
girl,গার্ল,89139125,89
currently,কার্রেন্টলি,89075990,89
construction,কনস্ট্রাকশন,88770071,88
toys,বয়স,88712797,88
registered,রেজিস্টার্ড,88506935,88
clear,ক্লিয়ার,88447610,88
golf,গল্ফ,88332962,88
receive,রিসিভ,88328938,88
domain,ডোমেইন,88097391,88
methods,মেথডস,87897688,87
chapter,চ্যাপ্টার,87882874,87
makes,মাকেস,87829598,87
protection,প্রটেকশন,87824220,87
policies,পলিসিস,87791839,87
loan,লোন,87785549,87
wide,ওয়াইড,87661475,87
beauty,বিউটি,87572240,87
manager,ম্যানেজার,87441704,87
india,ইন্ডিয়া,87391857,87
position,পসিশন,87139187,87
taken,তাকেঁ,87019836,87
sort,শর্ট,86985936,86
listings,লিস্টিংস,86808185,86
models,মডেলস,86573186,86
michael,মাইকেল,86527408,86
known,কনয়ন,86395556,86
half,হাফ,86290420,86
cases,সিএসএস,86255673,86
step,স্টেপ,86147277,86
engineering,ইঞ্জিনিয়ারিং,85964618,85
florida,ফ্লোরিদা,85775901,85
simple,সিম্পল,85617922,85
quick,কুইক,85584600,85
wireless,ওয়্যারলেস,85333514,85
license,লাইসেন্স,85326896,85
paul,পল,85262640,85
friday,ফ্রাইডে,85245033,85
lake,লেক,85241485,85
whole,ওহলে,85202530,85
annual,অ্যানুয়াল,85043687,85
published,পাবলিশড,84923632,84
later,লাটের,84857974,84
basic,বেসিক,84840226,84
shows,সোর্স,84804638,84
corporate,কর্পোরেট,84697675,84
google,গুগল,84568679,84
church,চার্চ,84556943,84
method,মেথড,84399520,84
purchase,পুরচাষে,84333183,84
customers,কাস্টমার,84317690,84
active,একটিভ,84084764,84
response,রেসপন্স,84065293,84
practice,প্রাকটিস,84037810,84
hardware,হার্ডওয়্যার,84002445,84
figure,ফিগার,83949754,83
materials,ম্যাটেরিয়ালস,83901920,83
fire,ফায়ার,83845349,83
holiday,হলিডে,83671730,83
chat,চ্যাট,83625620,83
enough,এনাফ,83592616,83
designed,ডিগনেড,83559486,83
along,অলং,83444756,83
among,এমং,83431590,83
death,ডেথ,83216831,83
writing,রাইটিং,83166717,83
speed,স্পিড,83135749,83
html,হত্ম্য,83094022,83
countries,কান্ট্রিস,83082522,83
loss,লস,83015916,83
face,ফেস,82807978,82
brand,ব্র্যান্ড,82807581,82
discount,ডিসকাউন্ট,82646962,82
higher,হিগ্যের,82515596,82
effects,এফেক্টস,82399410,82
created,ক্রিটেড,82342853,82
remember,রিমেম্বার,82222044,82
standards,স্ট্যান্ডার্ডস,82179578,82
oil,অয়েল,82178167,82
bit,বিট,82113875,82
yellow,ইয়েলো,82024459,82
political,পলিটিকাল,82021775,82
increase,ইনক্রিয়াসে,81983061,81
advertise,এডভারটিসে,81965610,81
kingdom,কিংডম,81913366,81
base,বসে,81894680,81
near,নেয়ার,81652767,81
environmental,এনভায়রনমেন্টাল,81596309,81
thought,থট,81561217,81
stuff,স্তুফ,81444510,81
french,ফ্রেঞ্চ,81396759,81
storage,স্টোরেজ,81320471,81
oh,ওহ,81258789,81
japan,জাপান,81110725,81
loans,ল্যান্স,80821333,80
shoes,সুস,80755612,80
entry,এন্ট্রি,80717798,80
stay,স্তায়,80694073,80
nature,নেচার,80659036,80
orders,অর্ডারস,80605361,80
availability,অভায়লাবিলিটি,80583907,80
africa,আফ্রিকা,80566883,80
summary,সামারি,80526622,80
turn,টার্ন,80328029,80
mean,মিন,80312172,80
growth,গ্রোথ,79998480,79
notes,নোটস,79958318,79
agency,এজেন্সী,79915539,79
king,কিং,79791224,79
monday,মানডে,79697206,79
european,ইউরোপিয়ান,79665774,79
activity,একটিভিটি,79633609,79
copy,কপি,79615682,79
although,আলো,79579407,79
drug,ড্রাগ,79424420,79
pics,পিক্স,79323162,79
western,ওয়েস্টার্ন,79255339,79
income,ইনকাম,79240506,79
force,ফোর্স,79199815,79
cash,ক্যাশ,79172952,79
employment,এমপ্লয়মেন্ট,79105156,79
overall,ওভারঅল,78992643,78
bay,বে,78967124,78
river,রিভার,78843808,78
commission,কমিশন,78817488,78
package,প্যাকেজ,78421168,78
contents,কন্টেন্টস,78365831,78
seen,সীন,78365291,78
players,প্লায়ার্স,78292986,78
engine,ইঞ্জিন,78078059,78
port,পোর্ট,78051775,78
album,অ্যালবাম,77914316,77
regional,রিজিওনাল,77752808,77
stop,স্টপ,77749471,77
supplies,সুপ্প্লিজ,77574804,77
started,স্টার্টেড,77515342,77
administration,অ্যাডমিনিস্ট্রেশন,77515175,77
bar,বার,77375075,77
institute,ইনস্টিটিউট,77353032,77
views,ভিউস,77333335,77
plans,প্ল্যান্স,77295630,77
double,ডাবল,77287578,77
dog,যোগ,77271631,77
build,বিল্ড,77203075,77
screen,স্ক্রিন,77183863,77
exchange,এক্সচেঞ্জ,77079447,77
types,টিপস,77070740,77
soon,সোণ,77038135,77
sponsored,স্পন্সরড,76855129,76
lines,লাইনস,76806341,76
electronic,ইলেকট্রনিক,76707502,76
continue,কন্টিনিউ,76659163,76
across,আক্রোশ,76597151,76
benefits,বেনিফিটস,76580951,76
needed,নীডেড,76528079,76
season,সেবাসং,76445684,76
apply,এপলাই,76341478,76
someone,সামওয়ান,76212141,76
held,হেল্ড,76100888,76
anything,এনিথিং,75985266,75
printer,প্রিন্টার,75976795,75
condition,কন্ডিশন,75963033,75
effective,এফেক্টিভ,75960822,75
believe,বেলিয়েভে,75918053,75
organization,অর্গানিজশন,75604082,75
effect,ইফেক্ট,75594829,75
asked,এসকেড,75532722,75
eur,এয়ার,75480922,75
mind,মাইন্ড,75393868,75
sunday,সানডে,75287070,75
selection,সিলেকশন,75196717,75
casino,ক্যাসিনো,74796251,74
pdf,পিডিএফ,74773048,74
lost,লস্ট,74748656,74
tour,টুর,74702459,74
menu,মেনু,74359141,74
volume,ভলিউম,74283471,74
cross,ক্রস,74230978,74
anyone,আনয়নে,74170036,74
mortgage,মর্টগেজ,74160962,74
hope,হোপ,74145758,74
silver,সিলভার,74073467,74
corporation,কর্পোরেশন,74073375,74
wish,বিষ,74043644,74
inside,ইনসাইড,74026748,74
solution,সল্যুশন,74000589,74
mature,মটুরে,73877124,73
role,রোলে,73689002,73
rather,রাতের,73664932,73
weeks,ওয়াক্স,73571749,73
addition,আড্ডিশন,73434482,73
came,চামে,73286694,73
supply,সাপ্লাই,73220509,73
nothing,নাথিং,73183983,73
certain,শর্তই,73108213,73
usr,ঊষর,73064522,73
executive,এক্সেকিউটিভে,73010727,73
running,রানিং,72879426,72
lower,লোয়ার,72606927,72
necessary,নেসেসারি,72604405,72
union,ইউনিয়ন,72603888,72
jewelry,জেবেলরয়,72576719,72
according,একোর্ডিং,72553085,72
dc,ডিসি,72528782,72
clothing,ক্লোথিং,72455943,72
mon,মন,72427611,72
com,কম,72285198,72
particular,পার্টিকুলার,72056920,72
fine,ফাইন,71972425,71
names,নামের,71918906,71
robert,রবার্ট,71829013,71
homepage,হোমপেজ,71814690,71
hour,হওয়ার,71765763,71
