correct_sentence,matched_token
"সামাজিক প্রতিরোধ কমিটি: বর্ষবরণ অনুষ্ঠানে নারীদের ওপর হামলাকারী ও লাঞ্ছনাকারীদের গ্রেপ্তারের দাবিতে ছাত্রছাত্রীদের কর্মসূচিতে পুলিশি হামলার প্রতিবাদে মানববন্ধন, বেলা তিনটায়, জাতীয় প্রেসক্লাবের সামনে",কমিটি
গত ১১ জুলাই পশ্চিমবঙ্গের উত্তর ২৪ পরগনা জেলার গাইঘাটা থানার আংরাইলের ক্ষেতপাড়া সীমান্ত পেরিয়ে বাংলাদেশে ঢোকার সময় বিএসএফের হাতে গ্রেপ্তার হয় পুত্রসহ ৩০ বছর বয়সী ওই নারী,জুলাই
"যত দিন বাংলা সাংবাদিকতা থাকবে, তত দিন তাঁর নাম উচ্চারিত হবে",নাম
ময়মনসিংহ সিটি করপোরেশন নির্বাচনে মেয়র পদে আওয়ামী লীগের প্রার্থী মো. ইকরামুল হক বিনা প্রতিদ্বন্দ্বিতায় নির্বাচিত হওয়ার পথে,সিটি
"কিন্তু আফগান অধিনায়কের বোকামি, স্বার্থপরতা যাই বলুন না কেন সেসবের এখানেই শেষ নয়",শেষ
ব্রাহ্মণবাড়িয়া সদর উপজেলায় লুৎফা বেগম (২১) নামের এক নববধূর ঝুলন্ত লাশ উদ্ধার করা হয়েছে,নামের
এথিকস অ্যাডভান্সড টেকনোলজিস লিমিটেড (ইএটিএল) ও প্রথম আলোর আয়োজনে গত বছরের জুলাই মাস থেকে শুরু হয়েছে এই প্রতিযোগিতা,অ্যাডভান্সড
দাবি আদায়ে আগামী ১১ অক্টোবর সচিবালয় ঘেরাও কর্মসূচি পালন করবেন,অক্টোবর
আরেকটি ভালো হাসপাতাল হচ্ছে ঢাকা মানসিক স্বাস্থ্য ইনস্টিটিউট,ইনস্টিটিউট
এ ছাড়া সমর্থকদের জন্য রাখা হয়েছে বিশ্বকাপের ট্রফি জয়ের ইভেন্ট,ইভেন্ট
"ইন্দোনেশিয়ার রেডক্রসের মুখপাত্র অলিয়া আরিয়ানি বার্তা সংস্থা রয়টার্সকে বলেন, ওই শিশুরা বাইবেল ক্যাম্পে যোগ দিয়েছিল",যোগ
এরপর বিকেল পাঁচটায় নিবন্ধিত প্রাক্তন শিক্ষার্থীদের অভ্যর্থনা দেওয়া হবে নগরের জিইসি কনভেনশন সেন্টারে,সেন্টারে
কিন্তু ঠিকাদারি প্রতিষ্ঠান তাদের কাজে গড়িমসি করছে বলে সিটি করপোরেশনের নির্বাহী প্রকৌশলী আজম আলী গতকাল শনিবার মুঠোফোনে প্রথম আলোকে জানিয়েছেন,সিটি
"এ ছাড়া তিনি অবৈধ অভিবাসীদের বহিষ্কারের অঙ্গীকার করেছেন, ওবামা প্রায় সাড়ে সাত লাখ বৈধ কাগজপত্রবিহীন অভিবাসীর স্বল্পকালীন স্বস্তির যে ব্যবস্থা করেছিলেন, নির্বাহী আদেশের মাধ্যমে তাও বাতিল করার ক্ষমতা রয়েছে তাঁর",যে
সকাল সাড়ে আটটার দিকে শেষ হয় এ জানাজা,শেষ
"ফরিদউদ্দিনের সঙ্গে বন্ধুত্বের বিষয়ে জানতে চাইলে আতাউর রহমান গতকাল রাতে প্রথম আলোকে বলেন, ‘বন্ধুত্ব ঠিক আছে",রাতে
এর মধ্যে বিজনেস ক্লাস ২৪টি আর ২৪৭টি ইকোনমি ক্লাস,ক্লাস
২০০৯ সালে সাবেক মেয়র শওকত হোসেন সিটি বাস চালু করেছিলেন,সালে
"জয় শাহরিয়ার জানিয়েছেন, ভালোবাসা দিবস উপলক্ষে অ্যালবামটি সিডি আকারে বাজারে ছাড়ছে সিএমভি",সিডি
কক্ষে রাতে ঠিকমতো ঘুম হয় না,রাতে
"পাশাপাশি গত কয়েক দিনের ক্রসফায়ার ও এনকাউন্টারের শিকারদের দিকে লক্ষ করলে দেখা যায়, দেশের নামকরা বা চিহ্নিত বড় মাদক ব্যবসায়ীরা কিন্তু ধরাছোঁয়ার বাইরে",বা
মাস দেড়েক আগে আমি ঈশ্বরদীর মুলাডুলি গিয়েছিলাম,মাস
বৃশ্চিক (২৪ অক্টোবর—২২ নভেম্বর)বেকারদের কারও কারও কর্মসংস্থানের সম্ভাবনা আছে,নভেম্বর
আবারও ব্যস্ততার চাপ নিতে মন চায় না,মন
প্রেমআমি তখন সায়েন্স ল্যাবরেটরিতে বিসিএসআইআর স্কুলে ষষ্ঠ বা সপ্তম শ্রেণির শিক্ষার্থী,বা
"৩৯ পয়েন্ট নিয়ে দুইয়ে অ্যাটলেটিকো মাদ্রিদ, ৩৭ পয়েন্ট নিয়ে তিনে ভ্যালেন্সিয়া",পয়েন্ট
আজকের মধ্যেই কাজ শেষ হবে বলে তিনি জানান,শেষ
কিন্তু সেই সাময়িক অবস্থা কাটতে সময় লেগেছিল সাড়ে চার বছর,সেই
শুধু দোকানে বসে থাকলে পরিবারের খরচ জোগাতে পারবেন না,বসে
তাঁদের মত হচ্ছে—গঠিত নির্বাচন কমিশন হতে হবে প্রথমেই বিতর্কমুক্ত,কমিশন
যেকোনো ব্যাটিং পজিশনে স্মিথের চেয়ে কম স্ট্রাইকরেটের ইনিংস আছে মাত্র দুটি,কম
ট্রাম্পের নিজের পরিবারও মাত্র তিন প্রজন্ম আগে এ দেশে এসেছে,তিন
"কেবল সোনালী ব্যাংক নয়, রাষ্ট্রায়ত্ত জনতা, অগ্রণী, কৃষি, রূপালী ও বাংলাদেশ ডেভেলপমেন্ট ব্যাংকে এবং বাংলাদেশ হাউস বিল্ডিং ফাইন্যান্স করপোরেশনে কমপক্ষে ২৫ ধরনের পদে নিয়োগের বিজ্ঞপ্তি প্রকাশ করা হয়েছে",ডেভেলপমেন্ট
বকুলতলায় সকাল ৭টা ১ মিনিট থেকে সকালের অনুষ্ঠানমালা শুরু হয়ে প্রথম পর্ব সকাল ৯টায় নবান্ন শোভাযাত্রার মাধ্যমে শেষ হবে,শেষ
৫-২০ ফেস টু ফেস,ফেস
মাসিক ৪০ হাজার থেকে এক লাখ টাকা পর্যন্ত করযোগ্য আয় আছে এমন চাকরিজীবীদের বেলায় কর বাড়বে ২৭ থেকে ৫১৪ শতাংশ পর্যন্ত,মাসিক
বর্তমানে তিনি রাশিয়ার রাজধানী মস্কোতে হোটেল ব্যবসা করেন,হোটেল
"যেকোনো ভ্রমণে সড়ক, বিমান বা জলপথে টিকিট পাওয়ার ক্ষেত্রে তাঁরা অগ্রাধিকার পাবেন",বা
এই অভিযান কবে শেষ হবে আমরা জানি না,শেষ
"কিন্তু এবার রোনালদোর পাশে তাঁকে না দেখে অনেকেরই প্রশ্ন জেগেছে, দুজনের কি কিছু হয়েছে? রোনালদো পুরস্কার পাওয়ার পর পরিবারের অনেকের কথা বললেও সঙ্গিনীর নাম মুখেও আনেননি",এবার
এ ক্ষেত্রে কাগজের ফরম থেকে ইলেকট্রনিক পদ্ধতিতে তথ্য সংগ্রহ করার কথা বলা হয়,ইলেকট্রনিক
"সেই সঙ্গে বাড়ে অভ্যন্তরীণ করতোয়া, বড়াল, ফুলঝোড় ও ইছামতী নদীর পানি",সেই
ঠিকানা: www.facebook.com/Shong-সঙআজকের ডিলঅনলাইন কেনাকাটা আরও সহজ করতে ই-কমার্স সাইট আজকের ডিলে যুক্ত হয়েছে নতুন ফিচার,সাইট
এর আগে নিউজিল্যান্ডের বিপক্ষে টান টান উত্তেজনার ম্যাচে ৫ ওভার বল করে ৩২ রান দিয়ে পাননি কোনো উইকেট,রান
এ ছাড়া ঈদের পরে কক্সবাজার রুটে প্রতিদিন অতিরিক্ত তিন থেকে চারটি ফ্লাইট থাকছে,তিন
এরপর আরও পাঁচ-ছয় দিন থেকে মেজবাও ঢাকায় চলে যান,যান
গিয়াসউদ্দিন আল মামুনকে ২০০৭ সালের ৩১ জুলাই গ্রেপ্তার করা হয়,আল
"তাতে বলা হয়, সেপ্টেম্বরের শেষে পশ্চিমা স্বার্থে জঙ্গিরা হামলা চালাতে পারে বলে নির্ভরযোগ্য তথ্যের বরাত দিয়ে অস্ট্রেলিয়া ও যুক্তরাজ্য সরকার বাংলাদেশে তাদের নাগরিকদের সতর্ক করেছে",অস্ট্রেলিয়া
এডিসন হেলথ কেয়ারের চেয়ারম্যান অধ্যাপক এম হারুনুর রশীদ এবং প্রগতি ইনস্যুরেন্স লিমিটেডের ব্যবস্থাপনা পরিচালক ও সিইও মো. মনিরুল ইসলাম নিজ নিজ প্রতিষ্ঠানের পক্ষে চুক্তিতে স্বাক্ষর করেন,হেলথ
একই দিন শেরপুরের নালিতাবাড়ী উপজেলায় তৌফিক হাসান (১৪ মাস) নামের এক শিশুর মৃত্যু হয়েছে,মাস
"ভালুকা মডেল থানার ভারপ্রাপ্ত কর্মকর্তা (ওসি) মামুন অর রশিদ বলেন, লাশ ময়নাতদন্তের জন্য ময়মনসিংহ মেডিকেল কলেজ হাসপাতালে পাঠানো হয়েছে",মডেল
এই তিন দেশের একটির ভাষাও দিয়েও দিব্যি কাজ চালিয়ে নেওয়া যায়,তিন
রেজারের আগে কয়েকটি প্রতিষ্ঠান গেমভিত্তিক মোবাইল ফোন তৈরির চেষ্টা করেছিল,মোবাইল
গত বছরের ২০ মে কুষ্টিয়ায় বাউল অনুসারী হোমিও চিকিৎসক মীর সানাউর রহমান এবং ৫ জুন নাটোরের খ্রিষ্টানপল্লির ক্ষুদ্র ব্যবসায়ী সুনীল গোমেজ হত্যাসহ বিভিন্ন জঙ্গি হামলায় জড়িত ছিলেন এই মুসা,মে
কিন্তু আজকাল প্রাকৃতিক রং বা ন্যাচারাল ডাই হয়ে উঠেছে চলতি কেতা,বা
"ডিএসই ওয়েবসাইট সূত্রে জানা যায়, দুপুর ১২টা পর্যন্ত ডিএসইতে লেনদেনের পরিমাণ ৪৪০ কোটি টাকা, যা গত কার্যদিবসের চেয়ে বেশি",ওয়েবসাইট
দস্তখতের পরেই কর্মকর্তারা বুঝতে পেরেছেন শেষ পর্যন্ত কী হবে,শেষ
"উদ্যোক্তারা জানিয়েছেন, বর্তমান বাজারে প্রাপ্ত মণিপুরি তাঁতশিল্পজাত পণ্যসমূহের অধিকাংশই পলিয়েস্টার বা টেট্রন সুতা দিয়ে তৈরি",বা
সিটি করপোরেশনের পক্ষ থেকে পানি ছিটানোর কথা বলা হলেও বাস্তবে দেখা যায়নি বলে কয়েকজন মুসল্লি অভিযোগ করেন,সিটি
উহ্লা থেন (৩৫) নামের এক ব্যক্তি গত ২৬ এপ্রিল বেলা সাড়ে তিনটার দিকে উত্তরা ৩ নম্বর সেক্টরের মাঠে হাঁটতে গিয়ে আর বাসায় ফেরেননি,নামের
"মজার ব্যাপার, পাঁচে থাকা রাজশাহী কিংসের সংগ্রহও ১০ পয়েন্ট",পয়েন্ট
অন্ধকারের সাথি বলতে আমাদের সেই গোলগাল ছেলে,সেই
সরকারের ১৯৬৪ সালের রুলস অব বিজনেস পরিবর্তনের দাবি তোলা হয়,রুলস
মাত্র তিন দিন বয়সে শরীরে অস্ত্রোপচার করতে হয়,তিন
ফলে এক টেস্ট বাকি থাকতে সিরিজ জিতে গেল ভারত (২–০),টেস্ট
ওই ঘটনার পর সাধারণ শিক্ষার্থীদের সঙ্গে ছাত্রলীগ নেতারা যোগ দিয়ে অধ্যক্ষের শাস্তি ও বিচারের দাবিতে বিক্ষোভ মিছিল ও সমাবেশ করে,যোগ
"যদি হোটেলের ভাড়া দিতে নববিবাহিত দম্পতির পরিবার অক্ষম হয়, তবে তা পরিশোধ করে পঞ্চায়েত কমিটি",কমিটি
আন্তর্জাতিক সংস্থা সিপি বাংলাদেশ কোম্পানি লিমিটেডের উদ্যোগে এবং বিশ্ববিদ্যালয়ের ভেটেরিনারি ও ফিশারিজ অনুষদের আয়োজনে বিশ্ববিদ্যালয়ে প্রথমবারের মতো এ ধরনের আয়োজন করা হয়,কোম্পানি
কলকাতায় এবার সর্বজনীন পূজা হচ্ছে ২ হাজার ৬০০ আর রাজ্যে ৩০ হাজার,এবার
"মুস্তাফিজের কাছে বিধ্বস্ত হওয়ার স্মৃতি এখনো টাটকা আছে বলেই স্রানের দ্রুত উত্থান, জাতীয় দলে জায়গা করে নেওয়ার পর ভারতীয় মিডিয়া তাঁর নাম দিয়েছিল এমন",হওয়ার
শেষ পর্যন্ত ভেরোনিকার জন্ম দেওয়া সন্তানের পিতৃত্ব মেনে নিলেও ছেলেকে জনসম্মুখে আনার ব্যাপারে আপত্তি ছিল ম্যারাডোনার,শেষ
প্রখ্যাত লেখক ভি এস নাইপলের আসার কথা থাকলেও স্বাস্থ্যগত কারণে এ উৎসবে তিনি আসতে পারছেন না,ভি
"যেহেতু প্যানক্রিয়াস বা অগ্ন্যাশয় হজমের মূল এনজাইমগুলো নিঃসরণ করে, তাই প্যানিক্রিয়াসের প্রদাহ, পাথর বা টিউমারে হজমশক্তি রহিত হয়",বা
তাঁর ২৪ রানের ইনিংসের পুরোটাই ছিল সিঙ্গেল থেকে নেওয়া!* কৃপণতম বোলার ছিলেন আফগানিস্তানের আমির হামজা,সিঙ্গেল
"২-৩ মিনিটের মধ্যে থানার ভেতরের একটি কক্ষ থেকে অস্ত্র চুরি হয়অস্ত্র বহনকারী এএসআই তখন শৌচাগারে ছিলেন২৫-২৬ বছরের এক যুবক ঘটনার দিন দুবার থানায় এসেছিলেনতাঁর পরনে ছিল খয়েরি-সাদা চেক শার্ট, কফি রঙের প্যান্ট, মুখে দাড়ি, কাঁধে কালো ব্যাগবিকেল ৪টা ২৩ মিনিটে থানার পেছনের মসজিদের গেট দিয়ে আবার থানায় আসেন যুবক",চেক
বিরোধী দল হিসেবে জাতীয় পার্টি একটি ইতিবাচক রাজনীতি দেওয়ার চেষ্টা করেছে,পার্টি
অ্যান্ড্রয়েড জেলি বিন অপারেটিং সিস্টেমের এই ট্যাবটি আট জিবি ইন্টারনাল মেমোরি সাপোর্ট করে যা ৩২ জিবি পর্যন্ত বাড়ানোর সুবিধাও রয়েছে,সাপোর্ট
"ওই নারীর আইনজীবী মোহাম্মদ রফিকুল ইসলাম প্রথম আলোকে বলেন, ক্রিকেটার সানির সঙ্গে বাদীর বিয়ে হয় ২০১৪ সালের ৪ ডিসেম্বর",ডিসেম্বর
গত বৃহস্পতিবার মির্জা ফখরুল ইসলাম আলমগীরকে হয়রানি বা গ্রেপ্তার না করতে হাইকোর্টের দেওয়া আদেশের কার্যকারিতা স্থগিত করেন আপিল বিভাগ,বা
অনন্ত-বাদালশো আর খালকুলা গ্রাম দুটি ঝিনাইদহের শৈলকুপা পৌরসভার ৬ নম্বর ওয়ার্ডের অন্তর্ভুক্ত,নম্বর
"ষষ্ঠ অভিযোগ, ১১ ডিসেম্বর হাসান আলী ৩০-৪০ জন রাজাকার ও পাকিস্তানি সেনাদের সঙ্গে নিয়ে সাচাইল গ্রামের শতাধিক ঘরে অগ্নিসংযোগ করে এবং গ্রামের আবদুর রশিদকে হত্যা করে",ডিসেম্বর
এ জন্য জ্বালানি তেল সরবরাহে যাতে বিঘ্ন না ঘটে সে জন্য বিপিসিকে অনুরোধ জানানো হয়,তেল
দিনাজপুর মেডিকেল কলেজ হাসপাতালে ভর্তি করা হয় সাঈদকে,মেডিকেল
"শেন ওয়ার্নকেই দেখুন, ফেসবুকে একটা ভিডিও পোস্ট করে এখন তাসমানিয়ান পুলিশের তদন্তের মুখে পড়েছেন অস্ট্রেলিয়ান স্পিন কিংবদন্তি ও তাঁর সঙ্গীরা",ভিডিও
১০ জুন নির্বাচন কমিশনের ঘোষিত তফসিলের বৈধতা চ্যালেঞ্জ করে চিলমারী উপজেলার রমনা ইউনিয়নের বাসিন্দা এস এম মোস্তাফিজুর রহমান ১৮ জুলাই রিটটি করেন,জুন
যোগ্যতা: উচ্চমাধ্যমিক পরীক্ষায় দ্বিতীয় বিভাগ এবং কম্পিউটারে (এমএস ওয়ার্ড) পারদর্শী হতে হবে,ওয়ার্ড
এরই ধারাবাহিকতায় ৫ ডিসেম্বর জাতিসংঘ মানবাধিকার কাউন্সিলে রোহিঙ্গা নির্যাতন নিয়ে বিশেষ অধিবেশনে মিয়ানমারের বিরুদ্ধে প্রস্তাব পাস হতে যাচ্ছে,ডিসেম্বর
গত নভেম্বরে মিয়ানমার সফরকালে প্রেসিডেন্ট বারাক ওবামা প্রথমবারের মতো নির্দিষ্টভাবে প্রেসিডেন্ট থেইন সেইনের সঙ্গে আলোচনায় রোহিঙ্গাদের দুঃখ-কষ্টের কথা উল্লেখ করেন,প্রেসিডেন্ট
"গানের আসর, সম্মাননা ও পুরস্কার প্রদানের মধ্য দিয়ে গতকাল শনিবার শেষ হলো রবীন্দ্রসংগীত শিল্পী সংস্থা আয়োজিত পাঁচ দিনের জাতীয় রবীন্দ্রসংগীত উৎসব",শেষ
"প্রথম সিরিজ জয়ের তারিখটা ছিল ১৮ জানুয়ারি, ২০০৫—সময়ের ডানায় চড়ে সেটির এক যুগ পূর্তি আজ",সিরিজ
আগামী অর্থবছরের বাজেটে পোশাক রপ্তানির এফওবি (ফ্রেইড অন বোর্ড) মূল্যের ওপর দেড় শতাংশ হারে উৎসে কর কর্তনের প্রস্তাব করা হয়,বোর্ড
ভারতের প্রত্যাশা বাংলাদেশের গণতান্ত্রিক পরিবেশ যেন বজায় থাকে,যেন
দলটির ক্যামেরাম্যান তুলছিলেন সেই ছবি,সেই
টেলিভিশন শাখায় এ বছর এগিয়ে আছে দ্য কমিনস্কি মেথড ও দ্য অ্যাসাসিনেশন অব গিয়ান্নি ভারসাচি: আমেরিকান ক্রাইম স্টোরি নামের টিভি প্রযোজনা দুটি,মেথড
"সেটা যে কত আনন্দের, বোঝাতে পারব না",যে
ঘূর্ণিঝড়ের সম্ভাব্য আঘাতস্থল উপকূলীয় সব জেলায় মোট প্রায় তিন হাজার আশ্রয়কেন্দ্র প্রস্তুত রাখা হয়,তিন
বেক্সিমকো ফার্মাসিউটিক্যালস লিমিটেড ১৫ শতাংশ ক্যাশ ডিভিডেন্ড বা নগদ লভ্যাংশ দিয়েছে,লিমিটেড
"সিন্ডিকেটের সদস্য নুরুল হক জানান, গতকাল বুধবার রাতে সিন্ডিকেট সভায় ডিসিপ্লিনারি বোর্ডের সুপারিশ কার্যকর হয়",রাতে
ঢাকায় তিন দিনের পাটজাত পণ্যের মেলা করতে যাচ্ছে বস্ত্র ও পাট মন্ত্রণালয়,তিন
"এই ভারসাম্য এভাবে রক্ষা করা যাবে যে এমন একটা আইন করা হলো, যাতে ন্যূনতম শাস্তি সাত বছর কারাদণ্ড, যেখানে অভিযুক্তের জামিন পাওয়ার বিধান থাকবে না, কোনো ধরনের সুরক্ষা ব্যতিরেকেই যেকোনো সময় অভিযুক্তকে গ্রেপ্তার করা যাবে? তো ২০০৬ সালের আইনটিতে তিন-চার ধরনের সংশোধনী এনে এমন একটা পরিস্থিতি তৈরি করা হলো, যা খুবই বিপজ্জনক",যে
"এ ছাড়া বিচারক তাঁকে এক লাখ টাকা জরিমানা, অনাদায়ে আরও তিন বছরের সশ্রম কারাদণ্ডের আদেশ দেন",তিন
"২০১৮ সালে জাতীয় নির্বাচন সামনে রেখে সরকারি ও বেসরকারি, এমপিওভুক্ত ও বহির্ভূত, ক্যাডার ও নন-ক্যাডার-সব শিক্ষক নিজ নিজ দাবি নিয়ে সক্রিয় হয়ে উঠেছেন",সালে
প্রথা অনুযায়ী নির্বাচকদের দল আনুষ্ঠানিকভাবে ঘোষণার আগে সেটি বোর্ড সভাপতি অনুমোদন করেন,বোর্ড
অফিস শেষে বাসায় ফিরতে সন্ধ্যা,অফিস
ওয়েবসাইট ভিজিট করতে গ্রাহকরা যেতে পারেন www. gpmusic.co এই ঠিকানায়,ওয়েবসাইট
"মাঠ ছাড়ার সময় দলের এক ক্রিকেটার গজরাতে গজরাতে বলছিলেন, ‘বাউন্সার দেওয়ার জন্য স্কয়ার লেগ, লং লেগে দুজন ফিল্ডার বাউন্ডারিতে রাখা হলো অথচ বল করল ফুল লেংথ...",লং
শেষ পর্যন্ত এলজিইডি উদ্যোগ না নিলে পরিষদের তহবিল থেকেই কালভার্টটি মেরামত করা হবে,শেষ
"দুর্ঘটনার পর উদ্ধার অভিযানে সেনাবাহিনী, পুলিশ, বিজিবি ও ফায়ার সার্ভিসের কর্মীরাও যোগ দেন",ফায়ার
বাঙালি সংখ্যাগরিষ্ঠ ত্রিপুরায় ১৯৯৩ থেকে ক্ষমতায় রয়েছে মার্ক্সবাদী কমিউনিস্ট পার্টি বা সিপিএমের নেতৃত্বাধীন বাম ফ্রন্ট,পার্টি
তাঁর বয়স হয়েছিল ৬১ বছর,বয়স
দাবি আদায়ে কাল শুক্রবার প্রেসক্লাবের সামনে অবস্থান কর্মসূচি পালন করবে সংগ্রাম কমিটি,কমিটি
"আজব ব্যাপার হলো, যে দলটা বিশ্বকাপেই নেই তারা শিরোপা জয়ের সম্ভাবনায় রাশিয়া (১.৬), পোল্যান্ড (০.৯), কলম্বিয়া (০.৫) কিংবা সুইডেনের চেয়ে এগিয়ে! ইতালির কথাই বলা হচ্ছে",যে
"সবাই তো সুখী হতে চায়—মান্না দের সেই চিরন্তন গানের কথা যদি আসলেই বাস্তব হতো! ইশ্‌! সুখ—কোথায়? মনোবিজ্ঞান বলে, উৎফুল্ল জীবনই আপনি কতটা সুখী অনেকটা তাই প্রকাশ করে",সেই
"গোবিন্দ চন্দ্র বলেন, ১৯৯৬ সালে স্পেন থেকে তিনি অ্যালার্জির ওপর প্রশিক্ষণ নিয়েছিলেন",সালে
"পাবলিক পরীক্ষায় অংশগ্রহণ করবে এবং এই মা ও বাবা এভাবেই বলবেন, তোমাকে জিপিএ–৫ পেতে হবে",পাবলিক
"পাকিস্তানকে স্পষ্ট জানানো হয়েছে, ভারতীয় বিমানবাহিনীর সদস্যের কোনো ক্ষতি যেন না হয়",যেন
হলিউডের গিটার সেন্টারে বিখ্যাত সংগীতশিল্পীদের বাদ্যযন্ত্রের পাশাপাশি রয়েছে তাদের হাতের ছাপ,সেন্টারে
ঢাকা বিশ্ববিদ্যালয়ের হিসাববিজ্ঞান বিভাগ থেকে¯স্নাতকোত্তর ডিগ্রি অর্জনের পর ১৯৮৮ সালে পূবালী ব্যাংকে শিক্ষানবিশ অফিসার হিসেবে কর্মজীবন শুরু হয় মো. নূরুল হক গাজীর,সালে
তখন যেন এক শ্রেণিসম্মিলন ঘটেছিল,যেন
৮-৩০ ট্রান্সফরমারস (মার্ক ওয়ালবার্গ),মার্ক
৯০-এর দশকজুড়ে ২০০০ সালের শুরু পর্যন্ত জনপ্রিয় ফোন ছিল পাম,ফোন
লাল ও সবুজ রঙা লেস একটার ওপর আরেকটা বসিয়ে নিন,লেস
ছয় মাস ধরে বাচ্চা থলিতেই থাকে,মাস
তৌহিদুরের পরিবারের লোকজন ঘটনাটি পুলিশকে জানালে নলডাঙ্গা থানার উপপরিদর্শক (এসআই) শহিদুল ইসলাম ও আবদুল হাই ঘটনাস্থলে যান,হাই
"তারপর চাকরি নামের এ যুদ্ধে নেমে কখন যে ৩০ বছর পার হয়ে যায়, টেরও পাই না",নামের
২০১৫ সালে অবসরে যাওয়ার পর কর্মসংস্থান ব্যাংকের চেয়ারম্যান ছিলেন তিনি,সালে
"তিনি বলেন, সংসদীয় কমিটির তলবের বিষয়ে সিদ্ধান্ত নেবে কমিশন",কমিশন
জোনাকী সিনেমা হলের অন্যতম উদ্যোক্তা মো. তাজুল ইসলাম দুই মাস আগে বুকিং দিয়েছিলেন রংবাজ ছবিটির জন্য,মাস
"পরিশোধিত হওয়ার পরও পানির এই অবস্থা কেন? জানতে চাইলে পাগলা পয়ঃশোধনাগারের নির্বাহী প্রকৌশলী হুমায়ুন কবীর বলেন, এখানে পরিশোধন করা হয় সূর্যের আলোর মাধ্যমে",হওয়ার
"প্রতিপক্ষ জুভেন্টাস, ১৯৯৮ সালে যে দলকে হারিয়ে তারা জিতেছিল ৭ম চ্যাম্পিয়নস লিগ শিরোপা",সালে
রাতে নিলামে এসব পণ্যের দর ওঠে সাড়ে ১৭ হাজার টাকা,রাতে
গতকাল সিলেট আন্তর্জাতিক স্টেডিয়ামে অনুশীলন শেষে প্রথম আলোর সঙ্গে রোডসের আলাপচারিতায় উঠে এল বেশ কিছু প্রসঙ্গই,বেশ
"কিন্তু য়ুবান-শি-কাই নামক এক সেনাপতি জমিদার, বণিক, উচ্চপদস্থ সামরিক কর্মকর্তা এবং সরকারি আমলাদের সাথে ষড়যন্ত্র করে সান ইয়াৎ সেনকে ক্ষমতা ছেড়ে দিতে বাধ্য করে",সান
"গতকাল পরীক্ষাগারে টেস্ট করাতে গেলে সেখান থেকে জানানো হয়, বিনা মূল্যে টেস্ট করাতে হলে প্রশাসনিক ভবন থেকে স্বাক্ষর নিয়ে আসতে হবে",টেস্ট
"যশোর জেনারেল হাসপাতালের সহকারী রেজিস্ট্রার বজলুর রশীদ প্রথম আলোকে বলেন, ভোঁতা অস্ত্র দিয়ে তুহিনের চার হাত-পা পিটিয়ে থেঁতলে দেওয়া হয়েছে",জেনারেল
কিন্তু ব্যাংকের ক্যাশ কর্মকর্তা রেজাউল ওই বৃদ্ধার টিপসই নিয়ে তাঁকে ৩ হাজার টাকা দেন,ক্যাশ
রাজধানীর মোহাম্মদপুরের জাপান গার্ডেন সিটিতে আসছে জাদু ডিজিটাল,জাপান
কেউ তাঁকে বয়স্ক ভাতার কার্ড করে দেননি,কার্ড
অভিষিক্ত নিরোশান ডিকভেলা টিকে গেছেন শেষ বিকেল,শেষ
প্রথম আলো: ৩১ জানুয়ারিতে কি কোনো প্রজ্ঞাপন আসবে? অ্যাটর্নি জেনারেল: এটা আইন মন্ত্রণালয়ের ব্যাপার,আলো
বিসিএসসহ সরকারি সব চাকরিতে প্রবেশের বয়সসীমা ৩৫ বছর করার দাবি জানিয়েছে বাংলাদেশ সাধারণ ছাত্র পরিষদ নামের একটি সংগঠন,নামের
জাতীয় দলের ক্যাম্প শুরু হওয়ার আগ পর্যন্ত সেখানেই থাকবে,হওয়ার
ডিভিশনের আদেশ পাওয়ার পরই তাঁকে সেখানে স্থানান্তর করা হবে,পাওয়ার
তিনি পুলিশ সুপারের কাছ থেকে নির্দিষ্ট বিল অনুমোদন করে নিলেও কম বিল দিয়ে বিদায় করতেন,বিল
ইংলিশ স্ট্রাইকারের ঘনিষ্ঠজনেরাই জানিয়েছেন এটি,ইংলিশ
সেখানে র্যাম্প ও টিভি বিজ্ঞাপনে কাজ করেছি,টিভি
"অর্থমন্ত্রী আবুল মাল আবদুল মুহিত স্বাধীনতা পুরস্কার পাওয়ার অনুভূতি ব্যক্ত করে সাংবাদিকদের বলেছেন, ‘আমার তো মনে হয়, এটা পাওয়ার জন্যই আমি বেঁচে আছি",পাওয়ার
গতকাল ওই বাজারে অন্যদিনের তুলনায় মাল অর্ধেকেরও কম এসেছে,কম
যুক্তরাষ্ট্রের হিউস্টনে অবস্থিত ওয়ার্ল্ড স্পেস উইক অ্যাসোসিয়েশনের উদ্যোগে সারা বিশ্বে এ সময়ে মহাকাশ সপ্তাহ উদ্যাপন করা হয়,ওয়ার্ল্ড
অপর শেয়ারবাজার চট্টগ্রাম স্টক এক্সচেঞ্জের (সিএসই) সার্বিক সূচকটি ৯৫ পয়েন্ট বেড়ে দাঁড়িয়েছে ১৭ হাজার ৩৪৩ পয়েন্টে,স্টক
"আশা করা হচ্ছে, বিশ্বকাপের অনুশীলনে যোগ দিতে পারবেন হেলস",যোগ
ঢাকা সিটি করপোরেশনের মতো যেন নির্বাচন না হয়,সিটি
হাসপাতালে নেওয়ার পথে তিনি মারা যান,যান
"যেমন বিশ্ববিদ্যালয়ের ক্লাসে বা বন্ধুদের আড্ডায় জিনস-কুর্তায় অভ্যস্ত মেয়েটি যখন শাড়িতে সেজে ওঠে, তখন তার পুরো অবয়বে আসে আমূল পরিবর্তন",বা
কিন্তু “বাদশাহো” ছবিতে আমার অ্যাকশন আছে,অ্যাকশন
সেই নির্বাচনে জনগণ ভোটের মাধ্যমে তাদের দিন কানা রোগের চিকিৎসা দেবে,সেই
১-২০ ওয়ানস আপন এ টাইম,টাইম
রাজধানীর কাফরুলে পুলিশের সঙ্গে কথিত বন্দুকযুদ্ধে আবদুস সালাম নামের এক যুবক নিহত হয়েছেন,নামের
"এ ব্যাপারে কাউন্সিলর মকবুল বলেন, ‘পল্লী বিদ্যুৎ কর্তৃপক্ষ তাঁকে ডেকে নিলেও তাঁর উপস্থিতিতে কোনো মারধরের ঘটনা ঘটেনি",ডেকে
৫ বছরের জন্য যে চুক্তির অঙ্কটা ছিল ১৫০ মিলিয়ন ইউরো,যে
"নাটক শেষ হওয়ার পর মনে হয়, সময়টাই বরবাদ হলো",শেষ
এইচবিও (ইন্ডিয়া)সকাল ১০-২৩ ভি ফর ভেনডেটা (নাটালি পোর্টম্যান),ইন্ডিয়া
ঢাকা মেডিকেল কলেজ হাসপাতালে গতকাল শনিবার রাতে জরুরি বিভাগের ফটক বন্ধ করে বিক্ষোভ করেছেন শিক্ষানবিশ চিকিৎসকেরা,মেডিকেল
"উপজেলা নির্বাহী কর্মকর্তা (ইউএনও) জেসমিন আক্তারের সভাপতিত্বে অনুষ্ঠানে অতিথি ছিলেন জেলা প্রাথমিক শিক্ষা কর্মকর্তা বিলকিস আরা বেগম, উপজেলা পরিষদের ভাইস চেয়ারম্যান এয়ার আহম্মদ ভূঞা",এয়ার
অন্যদিকে মুস্তাফিজকে হাতছানি দিচ্ছে নতুন আরও কিছু রেকর্ড,রেকর্ড
"মানববন্ধনে ফেনী সরকারি কলেজ, ফেনী পলিটেকনিক ইনস্টিটিউট, ফেনী কম্পিউটার ইনস্টিটিউট, আর্য সাংস্কৃতিক কেন্দ্র, পূবালী সাংস্কৃতিক কেন্দ্র, কিশোর থিয়েটার, সুবচন নাট্যগোষ্ঠী, প্রথম আলো ফেনী বন্ধুসভা, ফেনী ক্রিকেট একাডেমি, ফেনী ক্রিকেট অ্যাসোসিয়েশন, আরবান ইয়ুথ সোসাইটি, আভাস, মাহবুব উল হক পেয়ারা ফাউন্ডেশনসহ প্রায় ৩০টি সামাজিক-সাংস্কৃতিক সংগঠনের কর্মী সদস্য ও শিক্ষাপ্রতিষ্ঠানের শিক্ষার্থীরা মানববন্ধনে অংশ নেন",কলেজ
পরে আমরা প্রাণী নিয়ন্ত্রণ কর্তৃপক্ষকে ডেকে সেটা উদ্ধার করি,ডেকে
এই হামলায় তিন নারী ও এক পুরুষ নিহত হয়েছেন,তিন
এর তিন থেকে চার মাস পরই কালভার্টটির এক পাশ (উত্তর দিক) দেবে যায়,তিন
"সংবাদমাধ্যম এ নিয়ে বিসিসিআই নির্বাচক প্রধান এম এস কে প্রসাদের সঙ্গে যোগাযোগ করলে তিনি বলেন, ‘দয়া করে এ বিষয়ে বিসিসিআই সেক্রেটারির সঙ্গে কথা বলুন",কে
ইউনিকোডের প্রথম সংস্করণ ১৯৮৮ সালে প্রকাশ পেলেও ১৯৮৮ থেকে ২০০৯ সাল পর্যন্ত ইউনিকোড কনসোর্টিয়ামে বাংলাদেশ ছিল না,সালে
পরে লাইন থেকে ট্যাংকারগুলো সরিয়ে নিলে বেলা তিনটার দিকে আবার ট্রেন চলাচল শুরু হয়,লাইন
"২০১৬ সালে প্রকাশিত সরকারি অপরাধ প্রতিবেদন অনুযায়ী, ভারতে প্রতি ১৫ মিনিটে একটি শিশু ধর্ষণের শিকার হচ্ছে",সালে
রাজশাহী বিশ্ববিদ্যালয়ের সমাজবিজ্ঞান বিভাগের অধ্যাপক এ কে এম শফিউল ইসলাম হত্যাকাণ্ডে জড়িত থাকার অভিযোগে নাসরিন আকতার নামের একজনকে আটক করেছে নগর গোয়েন্দা পুলিশ,কে
রাষ্ট্রপক্ষে এ সময় অ্যাটর্নি জেনারেল মাহবুবে আলম উপস্থিত ছিলেন,জেনারেল
ধনু২৩ নভেম্বর-২১ ডিসেম্বর,ডিসেম্বর
মানববন্ধনে অংশ নিয়ে ঢাকাস্থ রংপুর বিভাগ সমিতির সভাপতি আবদুল্লাহ আল নাসের এ-সংক্রান্ত দাবিদাওয়া তুলে ধরেন,আল
"হার্ডওয়্যার পরীক্ষাপুরোনো মোবাইল ফোন কেনার আগে ফোনের কাঠামো ঠিকঠাক আছে কি না, দেখে দিন",মোবাইল
"গাছপালা আর রাস্তাঘাটে ধুলোবালু যা জমেছিল, এক্কেবারে শেষ",শেষ
"রায় ঘোষণার সময় আদালত বলেছেন, নারী সাবালিকা বা নাবালিকা যা-ই হোন না কেন, শরীরের ওপর তাঁর পূর্ণ অধিকার রয়েছে",বা
প্রাথমিকভাবে ৫ রান পেনাল্টি করা হয়েছিল সেদিন,রান
প্রিন্স উইলিয়ামের দাদার দাদার নাম ছিল প্রিন্স লুইস,নাম
"বিস্ময় শব্দটিকে গত কিছুদিনে ক্লিশে বানিয়ে ফেলেছেন যিনি, সেই এবি ডি ভিলিয়ার্সের লেগেছিল ১৭৫ ইনিংস",সেই
মোস্তাফিজুর রহমান দিয়েছিলেন মাত্র ৪ রান,রান
এ সময় সেখানে উপস্থিত ছিলেন নান্দাইল উপজেলার সহকারী কমিশনার (ভূমি) ও নির্বাহী হাকিম তামিম আল ইয়ামীন,আল
২০১৪/১৫ মৌসুমেই যেমন চ্যাম্পিয়ন হয়ে বার্সেলোনা ৬১ মিলিয়ন আয় করেছিল,মিলিয়ন
"ভাষণে জাপানের প্রধানমন্ত্রী শিনজো আবে সতর্ক করে দিয়ে বলেছেন, অর্থনীতির বিশ্বায়নের ফলে ঘটতে থাকা দ্রুত পরিবর্তন নিয়ে উদ্বেগ ও অসন্তোষ কখনো কখনো সংরক্ষণবাদের প্রলোভনের দিকে ধাবিত হওয়ার ইন্ধন জুগিয়ে গেলেও নিয়ন্ত্রিত বাণিজ্যিক পদক্ষেপ গ্রহণের হুমকি সবার জন্য ক্ষতিকর হয়ে দেখা দেবে",হওয়ার
নাম মোস্ট ওয়েলকাম টু,নাম
"পূর্ব বাংলার মানুষ সে অন্যায়ের বিরুদ্ধে যে সশস্ত্র প্রতিরোধ গড়ে তোলে, তা ছিল গণতন্ত্র ও ন্যায় প্রতিষ্ঠার লক্ষ্যে এক সর্বাত্মক জনযুদ্ধের সূচনা, যা চলেছে পরবর্তী ৯ মাস ধরে",যে
ব্যানার-ফেস্টুনে তাঁর আগামী ইউনিয়ন পরিষদ নির্বাচনে চেয়ারম্যান পদে প্রার্থী হওয়ার কথা উল্লেখ করা হয়,ইউনিয়ন
"গবেষণায় দেখা যায়, ২০৮০ সালে বাংলাদেশের তাপমাত্রা বেড়ে যাবে দুই ডিগ্রি সেলসিয়াস",সালে
"এর কারণ হলো, দূতাবাসে লোকবল কম",কম
"কিন্তু ১৯৮৮ সালে টেন্ডুলকারকে যখন ক্লাব সদস্য করার সিদ্ধান্ত নেওয়া হয়, তখনই বাধে ফেঁকড়া",সালে
ওই টাকা থেকে আহত ব্যক্তিদের ১০ লাখ ও নিহত ব্যক্তিদের ১৫ লাখ টাকা দেওয়ার প্রতিশ্রুতি আংশিকভাবে মেটানো যেত,যেত
ক্যাম্পাস প্রদক্ষিণ শেষে ফলিতবিজ্ঞান ও প্রযুক্তি অনুষদে গিয়ে র্যা লিটি শেষ হয়,শেষ
এ অবস্থায় গোড়া থেকে ছেঁটে দিলে নতুন গজানো ডালে আবার ভালো ফুল ফুটবে,ফুল
মিডিয়া আমাদের সতর্ক করেছে,মিডিয়া
"আমি এখনো দুজন উচ্চশিক্ষিত, ভালো রেজাল্ট, এমন তরুণীর সিভি নিয়ে ঘুরছি",রেজাল্ট
"ঝঞ্ঝাবিক্ষুব্ধ সময়ে শান্তি পুনরুদ্ধারে ও মধ্যপ্রাচ্যের গণতন্ত্র সুরক্ষায় যুক্তরাষ্ট্রের উচিত হবে এরদোয়ানের মতো একজন একনায়ককে পাত্তা না দেওয়া, যিনি তাঁর বিরুদ্ধে পরিচালিত এক ব্যর্থ অভ্যুত্থানকে সাংবিধানিক সরকারের বিরুদ্ধে অভ্যুত্থানে পরিণত করছেন, যার নেতা স্বয়ং তিনি",যার
তারা নিজস্ব তহবিল দিয়ে অনেক সময় ছোট ছোট প্রকল্প নেয় বা কেনাকাটা করে,বা
"উপজেলা আওয়ামী লীগের সভাপতি আবদুল বাতেনের সভাপতিত্বে গতকাল বেলা ১১টায় শুরু হওয়া সভায় উপজেলা, পৌর ও ইউনিয়ন পর্যায়ের নেতা-কর্মীরা উপস্থিত ছিলেন",ইউনিয়ন
এই জয়ে পয়েন্ট টেবিলের তিন নম্বরে তুলে এনেছে ইন্টার মিলানকে,পয়েন্ট
"সামাজিক ও অর্থনৈতিক ক্ষেত্রে অব্যাহতভাবে যে পরিবর্তন ঘটে চলেছে, তার অনিবার্য পরিণতি হিসেবেই এমনটি হচ্ছে",যে
এই অ্যাক্টে বা আইনে নির্দেশ জারি করা হয়েছিল যে বিনা সরকারি অনুমোদনে সরকারি নীতিসংক্রান্ত কোনো সংবাদ বা আলোচনা সাময়িক পত্রিকায় প্রকাশ করা যাবে না,বা
এ ঘটনায় ওই ছাত্রীর বাবা বাদী হয়ে গত শনিবার রাতে থানায় মামলা করেন,রাতে
"তিনি বলেন, ‘উইন্ড অব চেঞ্জ বিশ্বের সবচেয়ে বড় মিউজিক কোলাবরেশন প্রজেক্ট",চেঞ্জ
গত ২১ মে ৭১ সদস্যবিশিষ্ট কার্যনির্বাহী কমিটি ও ২১ সদস্যবিশিষ্ট উপদেষ্টা পরিষদ দলের সভানেত্রী শেখ হাসিনা অনুমোদন দেন,মে
গত বৃহস্পতিবার (২১ মে) রাতে অস্ত্রের মুখে মাইক্রোবাসে তুলে ধর্ষণের অভিযোগে পরদিন দুপুরে ওই আদিবাসী তরুণী রাজধানীর ভাটারা থানায় মামলা করেন,মে
"আবেদনপত্র পাঠানোর ঠিকানা: ডিএম, আশা-নারায়ণগঞ্জ জেলা, ৪৭/৮, হাজি ব্রাদার্স রোড, (সরকার ম্যানশন), নিউ চাষাঢ়া, জাতলা, নারায়ণগঞ্জ",নিউ
অতীতে যে কথা বলা হয়েছে তাই পুনরায় স্মরণ করিয়ে দেওয়া,যে
"শ্যামলী কাউন্টারের স্টাফ আনোয়ার হোসেন প্রথম আলোকে বলেন, ‘বাস বেশিক্ষণ থাকে না",স্টাফ
এবার হজযাত্রীদের সৌদি আরবে যাওয়ার শেষ ফ্লাইট ২৫ আগস্ট,এবার
কিন্তু সরকার জাতিসংঘের এই উদ্যোগে সাড়া দেওয়ার চেয়ে কালক্ষেপণ করায় শেষ পর্যন্ত জাতিসংঘ মহাসচিবের প্রয়াস সফল হয়নি,শেষ
এই খবর পেয়ে রাঙ্গুনিয়া ফায়ার স্টেশনের কর্মীরা ঘটনাস্থলে যান,ফায়ার
সবাই এমনভাবে তাকাতেন যেন সব দোষ তাঁর,যেন
গত তিন দিনে শিলাকোঠা তিনটি বাড়িতে ডাকাত দল হানা দেয়,তিন
অপহরণকারীরা তাঁর কানে ফোন ধরিয়ে দিলে তিনি তাঁর স্ত্রীকে টাকার বিষয়টি জানান,ফোন
তিনি সেই দৃষ্টিকোণ থেকে নিজেই বলেছেন তাঁর নিজেরই ভুল হয়েছে,সেই
"এত কিছু করি, শুধু পড়ে থাকে বিকেলের রোদ আর বইগুলো, জানালার পাশের আমার ছোট্ট সেলফ",সেলফ
"এ প্রসঙ্গে নাম প্রকাশে অনিচ্ছুক সিন্ডিকেটের এক সদস্য বলেন, ‘শিক্ষক নিয়োগের জন্য আগের উপাচার্যের সময় সাক্ষাৎকার নেওয়া হলো",নাম
"রুমি এন্টারপ্রাইজের খলিলুর রহমানের যে তথ্য দিয়ে অর্থ আত্মসাৎ ও চেকের জালিয়াতির ঘটনার অবতারণা করা হয়েছে, তা ভিত্তিহীন ও উদ্দেশ্যপ্রণোদিত",যে
"তার গলার নিচ থেকে বুক, ডান হাত, বাঁ হাত ও পিঠের প্রায় ১৭ শতাংশ পুড়ে গেছে",বুক
"মাইক হাতে নিয়েই তাঁর প্রথম কথা, ‘গত রাতের জন্য আমি দুঃখিত",রাতের
*শ্বাসকষ্ট হলে বা শ্বাসকষ্টের জন্য শিশু খেতে না পারলে,বা
৩০ এপ্রিল এবং ৫ মে শেষ হবে শেষ দুই পর্বের ভোট গ্রহণ,এপ্রিল
"ইলেকট্রনিক গণমাধ্যমকর্মীদের বিষয়ে মন্ত্রী বলেন, রেডিও এবং টেলিভিশনে কর্মরত সাংবাদিক ও কর্মচারীদের নবম ওয়েজ বোর্ডে অন্তর্ভুক্তির বিষয়ে নীতিগতভাবে সরকারের সিদ্ধান্ত ইতিবাচক",ইলেকট্রনিক
"আপনি মেয়ের বিয়ে দেবেন, সেই অনুষ্ঠানে কাদেরকে দাওয়াত দেবেন আর কাদেরকে দাওয়াত দিতে পারবেন না, অতিথিদের খাওয়ানোর জন্য চেয়ারম্যানের পছন্দের কোন খাবারটি রাখতে হবে—এসব বিষয়ে চেয়ারম্যানের কথাই শেষ কথা",সেই
এবার সেটা হবার নায়,এবার
"জেলা শহরের একটি ক্লিনিকে চিকিৎসাধীন আনিছুর রহমান প্রথম আলোকে বলেন, গত বছরের মার্চ মাসে মুজিবর রহমান ও চাচা আজিজুর রহমান গ্রামের তবিবুর রহমানের কাছ থেকে আট শতক ধানের জমি কেনেন",মার্চ
"যেমন ২০১৭ সালে ৪১০ কোটি যাত্রী আকাশপথে যাত্রা করেছেন, কিন্তু গত বছরে একটিও যাত্রীবাহী বিমান দুর্ঘটনার ঘটনা ঘটেনি",সালে
"এই যে প্রতিবছর হাজার হাজার তরুণ স্নাতক ও স্নাতকোত্তর ডিগ্রি নিয়ে বের হচ্ছেন, তাঁদের প্রতি কি রাষ্ট্রের কোনোই দায়িত্ব নেই?৩.লেখাটি শুরু করেছিলাম একজন প্রতিবন্ধী উচ্চশিক্ষিত মানুষের আকুতি ও প্রতিবাদের ঘটনা নিয়ে",যে
তিনি নিজের উপার্জন থেকে জমানো প্রায় ৭০ লাখ টাকা দিয়ে এখন সেই কাজ আবার শুরু করেছেন,সেই
তাই আর এনআরসিকে এবার ঢুকতে দেব না এই বাংলায়,এবার
"হোটেল হান্নান আল ফয়েজ রেস্তোরাঁর মালিক বজলুল কবির প্রথম আলোকে বলেন, ‘স্বপন ত্রিপুরা ১০ দিন আগে রেস্তোরাঁয় চাকরি নেন",আল
"জুভেন্টাসের ভবিষ্যৎ বলে ভাবা হচ্ছে, সেই দিবালাকে যে কালও নামানো হয়েছে প্রায় শেষ মুহূর্তে",সেই
"...অরিত্রীকে সালোয়ার-কামিজ পরা অবস্থায় বান্ধবীর সঙ্গে বাইরে যেতে দেখে ওর মা বলে ওঠে, ‘বাহ্, সালোয়ার–কামিজে তো তোকে মানিয়েছে বেশ",বেশ
শেষ দিকে গোল ব্যবধান ৩-০ করেছেন বদলি আহমেদ ফাহিম,শেষ
"বলেন, ‘যে গ্রাহক অর্থ পরিশোধ করে না, তাঁর প্রতি আমরা যত্নশীল হই না—আমার মনে হয় এমন যুক্তির সঙ্গে সত্যের কোনো মিল নেই",যে
"তিনি অভিযোগ করেন, কমিশন সুষ্ঠু নির্বাচন করতে সম্পূর্ণ ব্যর্থ হয়েছে",কমিশন
ত্রিদেশীয় সফরের প্রথমে জাপানে চার দিনের সফর শেষে সৌদি বাদশাহর আমন্ত্রণে ওআইসির ১৪তম শীর্ষ সম্মেলনে যোগ দিতে ৩১ মে শেখ হাসিনা সৌদি আরবে পৌঁছান,যোগ
২০১৫ সালের ২৫ মার্চ এ স্বাস্থ্য কমপ্লেক্সে আনুষ্ঠানিকভাবে বৈকালিক চিকিৎসাসেবা কার্যক্রমের উদ্বোধন করা হয়,মার্চ
এ বছরের ২৩ জানুয়ারি জাজিরা প্রান্তের তীরের দিকের ষষ্ঠ স্প্যান বসে,বসে
বিরাট কোহলিও ৬৬ রান করেছে হেলেদুলে,রান
"আন্তর্জাতিক গণমাধ্যম যুক্তরাষ্ট্রের ওয়াল স্ট্রিট জার্নাল গত ৩ আগস্ট এক প্রতিবেদনে বলেছে, হরতাল বাংলাদেশের জন্য এক বিরাট সমস্যা",স্ট্রিট
এ ব্যাপারে গত বৃহস্পতিবার ইয়াহিয়া কক্সবাজার সদর মডেল থানায় সাংসদ বদির বিরুদ্ধে একটি সাধারণ ডায়েরি  (জিডি) করেন,মডেল
এই মামলার এজাহারভুক্ত ৯ নম্বর আসামি ও জেলা ছাত্রলীগের যুগ্ম সম্পাদক রিংকু আজ আদালতে হাজির হননি,নম্বর
পরে দুপুরে চন্দ্রা পল্লী বিদ্যুৎ এলাকায় ইকুটেক্স লিমিটেড কারখানা পরিদর্শন করেন তিনি,লিমিটেড
দায়িত্ব নেওয়ার এক দিন পরই পালিয়ে যান,যান
"এ শহরের গর্ভবতী মায়েরা যাতে ঢাকা মেডিকেল কলেজ, মুগদা হাসপাতাল ও আজিমপুর মেটার্নিটিতে আসতে পারেন, তার জন্য সমন্বিত উদ্যোগ নেওয়া হচ্ছে",মেডিকেল
দ্বিতীয় ও তৃতীয় হয় যথাক্রমে বাংলাদেশ মহিলা সমিতি স্কুলের রাচিলা রহমান ও নলেজ স্কুল অ্যান্ড কলেজের পঙ্ক্তি সেন,নলেজ
"দেশনেত্রী খালেদা জিয়া যখন সরকারের বিরুদ্ধে আন্দোলন-সংগ্রাম জোরদার করার চেষ্টা করছেন, তখন দলের ভাবমূর্তি নষ্ট ও দলে বিভাজন সৃষ্টির জন্য অগণতান্ত্রিকভাবে আমাদের কারণ দর্শানোর নোটিশ দেওয়া হয়েছে",নোটিশ
"কোনাবাড়ি শরীফ জেনারেল হাসপাতালের জরুরি বিভাগের চিকিত্সক আমিনুল ইসলাম জানান, খাবারগুলি নষ্ট হয়ে বিষক্রিয়ার সৃষ্টি হয়েছে",জেনারেল
"পুলিশ জানায়, ওই দিন রাতে বাবু মোটরসাইকেল নিয়ে উল্লাপাড়া রেলওয়ে স্টেশন থেকে পৌর শহরের শ্যামলীপাড়া বাসস্ট্যান্ডে যাচ্ছিলেন",রাতে
"চলাফেরা, হাঁচি বা কাশি দেওয়ার সময় কাটা স্থানে যেন চাপ না পড়ে",বা
"কিন্তু প্রেসিডেন্ট অভিযোগ করেন, রাজনৈতিক উদ্দেশ্য হাসিলের জন্য দেশটির অভিজাতরা অর্থনৈতিক অন্তর্ঘাতকে উসকে দিচ্ছে",প্রেসিডেন্ট
"আগে ফিল্ডিং করার সিদ্ধান্ত এতটাই কৌতূহলোদ্দীপক যে, প্রেসবক্সে কাল টসের পর থেকেই ঘাঁটাঘাঁটি—দেশের মাটিতে খেলা টেস্টে এর আগে কতবার টসে জিতে ফিল্ডিং নিয়েছে বাংলাদেশ দল? এবারের সিরিজের আগে মাত্র ৬টিতে, যদিও দেশের মাটিতে বাংলাদেশ টেস্ট খেলেছে ৪৭টি",যে
এর প্রথম ৪ সংখ্যা এজেন্সির নম্বর আর শেষ ৩ সংখ্যা হজযাত্রীর পরিচিতি নম্বর,নম্বর
"১০ সেপ্টেম্বর চট্টগ্রাম ইঞ্জিনিয়ারিং ইনস্টিটিউটে অনুষ্ঠিত সেমিনারে উচ্চ ভোল্টেজের বিদ্যুৎ সঞ্চালন, পরিবহন ও নিয়ন্ত্রণের উপযোগী যন্ত্রপাতির ব্যবহার ও উপযোগিতা নিয়ে আলোচনা করা হয়",সেপ্টেম্বর
"সুমনের আত্মীয় আবদুর রব প্রথম আলোকে জানান, সকাল সাড়ে আটটার সময় তিনি আগুন লাগার খবরে পেয়ে দ্রুত সেই বাড়িতে যান",সেই
"অন্যদিকে, চট্টগ্রাম স্টক এক্সচেঞ্জে (সিএসই) সার্বিক সূচক বেড়েছে ৫ পয়েন্ট",স্টক
এ দুর্ঘটনায় আহত ব্যক্তিদের মধ্যে তিনজনকে রাজশাহী মেডিকেল কলেজ হাসপাতালে ভর্তি করা হয়েছে,মেডিকেল
টি-টোয়েন্টিতে বাংলাদেশের বিপক্ষে টানা অষ্টম জয় তুলে নিয়েও ভারত যেমন নিজেদের বুকে ফুঁ দিয়ে বলছে এবার বরাতজোরে বেঁচে গেছি,ফুঁ
গতকাল সোমবার সকালে কাস্টম হাউস পরিদর্শন এবং কর্মকর্তাদের সঙ্গে বৈঠক শেষে সাংবাদিকদের এ কথা বলেন দুর্নীতি দমন কমিশনের (দুদক) কমিশনার এ এফ এম আমিনুল ইসলাম,হাউস
একটি মেয়েকে ভালোবাসি,মেয়েকে
"পবিত্র কোরআনে সতর্কবাণী উচ্চারিত হয়েছে, ‘জলে-স্থলে মানুষের কৃতকর্মের দরুন বিশৃঙ্খলা ও অশান্তি ছড়িয়ে পড়ছে, যার ফলে আল্লাহ তাদেরকে তাদের কিছু কিছু কাজের শাস্তি আস্বাদন করাতে চান, যাতে তারা ফিরে আসে",যার
"এদিকে প্রভাবশালী ব্রিটিশ পত্রিকা গার্ডিয়ান-এর ব্লগার গ্লেন গ্রিনওয়াল্ড দাবি করেছেন, গত মঙ্গলবার তিনি স্নোডেনের সঙ্গে অনলাইনে কথা (চ্যাট) বলেছেন",চ্যাট
মুক্তির আনন্দে ভেসে গিয়েছিল সারা দেশ,দেশ
"হিংসা-বিদ্বেষ নয়, খুন বা অপহরণ নয়, পরস্পরকে মানব মর্যাদা দান করতে",বা
সুমন খুলনা মেডিকেল কলেজ থেকে এমবিবিএস পাস করার পর ঢাকায় এসে বঙ্গবন্ধু শেখ মুজিব মেডিকেল বিশ্ববিদ্যালয় (বিএসএমএমইউ) সংলগ্ন আজিজ কো-অপারেটিভ হাউজিং সোসাইটিরই একটি কক্ষে ছিলেন,মেডিকেল
৬ সেপ্টেম্বর সকালে চট্টগ্রাম কলেজিয়েট স্কুল মিলনায়তনে অনুষ্ঠিত হয় এই ক্যাম্প,সেপ্টেম্বর
উত্তর মেরু অঞ্চলে সাধারণত দেখতে পাওয়া যায় এমন আলোকচ্ছটা (অরোরা) পর্যবেক্ষণকারীরা রাতের আকাশে একটি নতুন ধরনের আলোকচ্ছটা দেখতে পেয়েছেন,রাতের
এখানে দুটি টেস্ট খেলতে এসেছি,টেস্ট
এ ঘটনায় খোকন দাসের ভাই রিপন দাস অজ্ঞাতনামা ব্যক্তিদের আসামি করে ২৬ জুন কালীগঞ্জ থানায় মামলা করেন,জুন
"প্রসঙ্গত, গতকাল সকাল পৌনে ১০টা থেকে সোয়া ১০টা পর্যন্ত বিএনপির ভারপ্রাপ্ত মহাসচিব ঠাকুরগাঁওয়ের পীরগঞ্জ পৌরসভার কলেজ হাটে বিএনপির মনোনীত মেয়র পদ প্রার্থী রাজিউর রহমান ওরফে রাজুর পক্ষে নির্বাচনী গণসংযোগ করেন",কলেজ
